date,temperature_2m_max,temperature_2m_min,rain_sum,snowfall_sum
2019-08-31 22:00:00+00:00,,,,
2019-09-01 22:00:00+00:00,,,,
2019-09-02 22:00:00+00:00,,,,
2019-09-03 22:00:00+00:00,,,,
2019-09-04 22:00:00+00:00,,,,
2019-09-05 22:00:00+00:00,,,,
2019-09-06 22:00:00+00:00,,,,
2019-09-07 22:00:00+00:00,,,,
2019-09-08 22:00:00+00:00,,,,
2019-09-09 22:00:00+00:00,,,,
2019-09-10 22:00:00+00:00,,,,
2019-09-11 22:00:00+00:00,,,,
2019-09-12 22:00:00+00:00,,,,
2019-09-13 22:00:00+00:00,,,,
2019-09-14 22:00:00+00:00,,,,
2019-09-15 22:00:00+00:00,,,,
2019-09-16 22:00:00+00:00,,,,
2019-09-17 22:00:00+00:00,,,,
2019-09-18 22:00:00+00:00,,,,
2019-09-19 22:00:00+00:00,,,,
2019-09-20 22:00:00+00:00,,,,
2019-09-21 22:00:00+00:00,,,,
2019-09-22 22:00:00+00:00,,,,
2019-09-23 22:00:00+00:00,,,,
2019-09-24 22:00:00+00:00,,,,
2019-09-25 22:00:00+00:00,,,,
2019-09-26 22:00:00+00:00,,,,
2019-09-27 22:00:00+00:00,,,,
2019-09-28 22:00:00+00:00,,,,
2019-09-29 22:00:00+00:00,,,,
2019-09-30 22:00:00+00:00,,,,
2019-10-01 22:00:00+00:00,,,,
2019-10-02 22:00:00+00:00,,,,
2019-10-03 22:00:00+00:00,,,,
2019-10-04 22:00:00+00:00,,,,
2019-10-05 22:00:00+00:00,,,,
2019-10-06 22:00:00+00:00,,,,
2019-10-07 22:00:00+00:00,,,,
2019-10-08 22:00:00+00:00,,,,
2019-10-09 22:00:00+00:00,,,,
2019-10-10 22:00:00+00:00,,,,
2019-10-11 22:00:00+00:00,,,,
2019-10-12 22:00:00+00:00,,,,
2019-10-13 22:00:00+00:00,,,,
2019-10-14 22:00:00+00:00,,,,
2019-10-15 22:00:00+00:00,,,,
2019-10-16 22:00:00+00:00,,,,
2019-10-17 22:00:00+00:00,,,,
2019-10-18 22:00:00+00:00,,,,
2019-10-19 22:00:00+00:00,,,,
2019-10-20 22:00:00+00:00,,,,
2019-10-21 22:00:00+00:00,,,,
2019-10-22 22:00:00+00:00,,,,
2019-10-23 22:00:00+00:00,,,,
2019-10-24 22:00:00+00:00,,,,
2019-10-25 22:00:00+00:00,,,,
2019-10-26 22:00:00+00:00,,,,
2019-10-27 22:00:00+00:00,,,,
2019-10-28 22:00:00+00:00,,,,
2019-10-29 22:00:00+00:00,,,,
2019-10-30 22:00:00+00:00,,,,
2019-10-31 22:00:00+00:00,,,,
2019-11-01 22:00:00+00:00,,,,
2019-11-02 22:00:00+00:00,,,,
2019-11-03 22:00:00+00:00,,,,
2019-11-04 22:00:00+00:00,,,,
2019-11-05 22:00:00+00:00,,,,
2019-11-06 22:00:00+00:00,,,,
2019-11-07 22:00:00+00:00,,,,
2019-11-08 22:00:00+00:00,,,,
2019-11-09 22:00:00+00:00,,,,
2019-11-10 22:00:00+00:00,,,,
2019-11-11 22:00:00+00:00,,,,
2019-11-12 22:00:00+00:00,,,,
2019-11-13 22:00:00+00:00,,,,
2019-11-14 22:00:00+00:00,,,,
2019-11-15 22:00:00+00:00,,,,
2019-11-16 22:00:00+00:00,,,,
2019-11-17 22:00:00+00:00,,,,
2019-11-18 22:00:00+00:00,,,,
2019-11-19 22:00:00+00:00,,,,
2019-11-20 22:00:00+00:00,,,,
2019-11-21 22:00:00+00:00,,,,
2019-11-22 22:00:00+00:00,,,,
2019-11-23 22:00:00+00:00,,,,
2019-11-24 22:00:00+00:00,,,,
2019-11-25 22:00:00+00:00,,,,
2019-11-26 22:00:00+00:00,,,,
2019-11-27 22:00:00+00:00,,,,
2019-11-28 22:00:00+00:00,,,,
2019-11-29 22:00:00+00:00,,,,
2019-11-30 22:00:00+00:00,,,,
2019-12-01 22:00:00+00:00,,,,
2019-12-02 22:00:00+00:00,,,,
2019-12-03 22:00:00+00:00,,,,
2019-12-04 22:00:00+00:00,,,,
2019-12-05 22:00:00+00:00,,,,
2019-12-06 22:00:00+00:00,,,,
2019-12-07 22:00:00+00:00,,,,
2019-12-08 22:00:00+00:00,,,,
2019-12-09 22:00:00+00:00,,,,
2019-12-10 22:00:00+00:00,,,,
2019-12-11 22:00:00+00:00,,,,
2019-12-12 22:00:00+00:00,,,,
2019-12-13 22:00:00+00:00,,,,
2019-12-14 22:00:00+00:00,,,,
2019-12-15 22:00:00+00:00,,,,
2019-12-16 22:00:00+00:00,,,,
2019-12-17 22:00:00+00:00,,,,
2019-12-18 22:00:00+00:00,,,,
2019-12-19 22:00:00+00:00,,,,
2019-12-20 22:00:00+00:00,,,,
2019-12-21 22:00:00+00:00,,,,
2019-12-22 22:00:00+00:00,,,,
2019-12-23 22:00:00+00:00,,,,
2019-12-24 22:00:00+00:00,,,,
2019-12-25 22:00:00+00:00,,,,
2019-12-26 22:00:00+00:00,,,,
2019-12-27 22:00:00+00:00,,,,
2019-12-28 22:00:00+00:00,,,,
2019-12-29 22:00:00+00:00,,,,
2019-12-30 22:00:00+00:00,,,,
2019-12-31 22:00:00+00:00,,,,
2020-01-01 22:00:00+00:00,,,,
2020-01-02 22:00:00+00:00,,,,
2020-01-03 22:00:00+00:00,,,,
2020-01-04 22:00:00+00:00,,,,
2020-01-05 22:00:00+00:00,,,,
2020-01-06 22:00:00+00:00,,,,
2020-01-07 22:00:00+00:00,,,,
2020-01-08 22:00:00+00:00,,,,
2020-01-09 22:00:00+00:00,,,,
2020-01-10 22:00:00+00:00,,,,
2020-01-11 22:00:00+00:00,,,,
2020-01-12 22:00:00+00:00,,,,
2020-01-13 22:00:00+00:00,,,,
2020-01-14 22:00:00+00:00,,,,
2020-01-15 22:00:00+00:00,,,,
2020-01-16 22:00:00+00:00,,,,
2020-01-17 22:00:00+00:00,,,,
2020-01-18 22:00:00+00:00,,,,
2020-01-19 22:00:00+00:00,,,,
2020-01-20 22:00:00+00:00,,,,
2020-01-21 22:00:00+00:00,,,,
2020-01-22 22:00:00+00:00,,,,
2020-01-23 22:00:00+00:00,,,,
2020-01-24 22:00:00+00:00,,,,
2020-01-25 22:00:00+00:00,,,,
2020-01-26 22:00:00+00:00,,,,
2020-01-27 22:00:00+00:00,,,,
2020-01-28 22:00:00+00:00,,,,
2020-01-29 22:00:00+00:00,,,,
2020-01-30 22:00:00+00:00,,,,
2020-01-31 22:00:00+00:00,,,,
2020-02-01 22:00:00+00:00,,,,
2020-02-02 22:00:00+00:00,,,,
2020-02-03 22:00:00+00:00,,,,
2020-02-04 22:00:00+00:00,,,,
2020-02-05 22:00:00+00:00,,,,
2020-02-06 22:00:00+00:00,,,,
2020-02-07 22:00:00+00:00,,,,
2020-02-08 22:00:00+00:00,,,,
2020-02-09 22:00:00+00:00,,,,
2020-02-10 22:00:00+00:00,,,,
2020-02-11 22:00:00+00:00,,,,
2020-02-12 22:00:00+00:00,,,,
2020-02-13 22:00:00+00:00,,,,
2020-02-14 22:00:00+00:00,,,,
2020-02-15 22:00:00+00:00,,,,
2020-02-16 22:00:00+00:00,,,,
2020-02-17 22:00:00+00:00,,,,
2020-02-18 22:00:00+00:00,,,,
2020-02-19 22:00:00+00:00,,,,
2020-02-20 22:00:00+00:00,,,,
2020-02-21 22:00:00+00:00,,,,
2020-02-22 22:00:00+00:00,,,,
2020-02-23 22:00:00+00:00,,,,
2020-02-24 22:00:00+00:00,,,,
2020-02-25 22:00:00+00:00,,,,
2020-02-26 22:00:00+00:00,,,,
2020-02-27 22:00:00+00:00,,,,
2020-02-28 22:00:00+00:00,,,,
2020-02-29 22:00:00+00:00,,,,
2020-03-01 22:00:00+00:00,,,,
2020-03-02 22:00:00+00:00,,,,
2020-03-03 22:00:00+00:00,,,,
2020-03-04 22:00:00+00:00,,,,
2020-03-05 22:00:00+00:00,,,,
2020-03-06 22:00:00+00:00,,,,
2020-03-07 22:00:00+00:00,,,,
2020-03-08 22:00:00+00:00,,,,
2020-03-09 22:00:00+00:00,,,,
2020-03-10 22:00:00+00:00,,,,
2020-03-11 22:00:00+00:00,,,,
2020-03-12 22:00:00+00:00,,,,
2020-03-13 22:00:00+00:00,,,,
2020-03-14 22:00:00+00:00,,,,
2020-03-15 22:00:00+00:00,,,,
2020-03-16 22:00:00+00:00,,,,
2020-03-17 22:00:00+00:00,,,,
2020-03-18 22:00:00+00:00,,,,
2020-03-19 22:00:00+00:00,,,,
2020-03-20 22:00:00+00:00,,,,
2020-03-21 22:00:00+00:00,,,,
2020-03-22 22:00:00+00:00,,,,
2020-03-23 22:00:00+00:00,,,,
2020-03-24 22:00:00+00:00,,,,
2020-03-25 22:00:00+00:00,,,,
2020-03-26 22:00:00+00:00,,,,
2020-03-27 22:00:00+00:00,,,,
2020-03-28 22:00:00+00:00,,,,
2020-03-29 22:00:00+00:00,,,,
2020-03-30 22:00:00+00:00,,,,
2020-03-31 22:00:00+00:00,,,,
2020-04-01 22:00:00+00:00,,,,
2020-04-02 22:00:00+00:00,,,,
2020-04-03 22:00:00+00:00,,,,
2020-04-04 22:00:00+00:00,,,,
2020-04-05 22:00:00+00:00,,,,
2020-04-06 22:00:00+00:00,,,,
2020-04-07 22:00:00+00:00,,,,
2020-04-08 22:00:00+00:00,,,,
2020-04-09 22:00:00+00:00,,,,
2020-04-10 22:00:00+00:00,,,,
2020-04-11 22:00:00+00:00,,,,
2020-04-12 22:00:00+00:00,,,,
2020-04-13 22:00:00+00:00,,,,
2020-04-14 22:00:00+00:00,,,,
2020-04-15 22:00:00+00:00,,,,
2020-04-16 22:00:00+00:00,,,,
2020-04-17 22:00:00+00:00,,,,
2020-04-18 22:00:00+00:00,,,,
2020-04-19 22:00:00+00:00,,,,
2020-04-20 22:00:00+00:00,,,,
2020-04-21 22:00:00+00:00,,,,
2020-04-22 22:00:00+00:00,,,,
2020-04-23 22:00:00+00:00,,,,
2020-04-24 22:00:00+00:00,,,,
2020-04-25 22:00:00+00:00,,,,
2020-04-26 22:00:00+00:00,,,,
2020-04-27 22:00:00+00:00,,,,
2020-04-28 22:00:00+00:00,,,,
2020-04-29 22:00:00+00:00,,,,
2020-04-30 22:00:00+00:00,,,,
2020-05-01 22:00:00+00:00,,,,
2020-05-02 22:00:00+00:00,,,,
2020-05-03 22:00:00+00:00,,,,
2020-05-04 22:00:00+00:00,,,,
2020-05-05 22:00:00+00:00,,,,
2020-05-06 22:00:00+00:00,,,,
2020-05-07 22:00:00+00:00,,,,
2020-05-08 22:00:00+00:00,,,,
2020-05-09 22:00:00+00:00,,,,
2020-05-10 22:00:00+00:00,,,,
2020-05-11 22:00:00+00:00,,,,
2020-05-12 22:00:00+00:00,,,,
2020-05-13 22:00:00+00:00,,,,
2020-05-14 22:00:00+00:00,,,,
2020-05-15 22:00:00+00:00,,,,
2020-05-16 22:00:00+00:00,,,,
2020-05-17 22:00:00+00:00,,,,
2020-05-18 22:00:00+00:00,,,,
2020-05-19 22:00:00+00:00,,,,
2020-05-20 22:00:00+00:00,,,,
2020-05-21 22:00:00+00:00,,,,
2020-05-22 22:00:00+00:00,,,,
2020-05-23 22:00:00+00:00,,,,
2020-05-24 22:00:00+00:00,,,,
2020-05-25 22:00:00+00:00,,,,
2020-05-26 22:00:00+00:00,,,,
2020-05-27 22:00:00+00:00,,,,
2020-05-28 22:00:00+00:00,,,,
2020-05-29 22:00:00+00:00,,,,
2020-05-30 22:00:00+00:00,,,,
2020-05-31 22:00:00+00:00,,,,
2020-06-01 22:00:00+00:00,,,,
2020-06-02 22:00:00+00:00,,,,
2020-06-03 22:00:00+00:00,,,,
2020-06-04 22:00:00+00:00,,,,
2020-06-05 22:00:00+00:00,,,,
2020-06-06 22:00:00+00:00,,,,
2020-06-07 22:00:00+00:00,,,,
2020-06-08 22:00:00+00:00,,,,
2020-06-09 22:00:00+00:00,,,,
2020-06-10 22:00:00+00:00,,,,
2020-06-11 22:00:00+00:00,,,,
2020-06-12 22:00:00+00:00,,,,
2020-06-13 22:00:00+00:00,,,,
2020-06-14 22:00:00+00:00,,,,
2020-06-15 22:00:00+00:00,,,,
2020-06-16 22:00:00+00:00,,,,
2020-06-17 22:00:00+00:00,,,,
2020-06-18 22:00:00+00:00,,,,
2020-06-19 22:00:00+00:00,,,,
2020-06-20 22:00:00+00:00,,,,
2020-06-21 22:00:00+00:00,,,,
2020-06-22 22:00:00+00:00,,,,
2020-06-23 22:00:00+00:00,,,,
2020-06-24 22:00:00+00:00,,,,
2020-06-25 22:00:00+00:00,,,,
2020-06-26 22:00:00+00:00,,,,
2020-06-27 22:00:00+00:00,,,,
2020-06-28 22:00:00+00:00,,,,
2020-06-29 22:00:00+00:00,,,,
2020-06-30 22:00:00+00:00,,,,
2020-07-01 22:00:00+00:00,,,,
2020-07-02 22:00:00+00:00,,,,
2020-07-03 22:00:00+00:00,,,,
2020-07-04 22:00:00+00:00,,,,
2020-07-05 22:00:00+00:00,,,,
2020-07-06 22:00:00+00:00,,,,
2020-07-07 22:00:00+00:00,,,,
2020-07-08 22:00:00+00:00,,,,
2020-07-09 22:00:00+00:00,,,,
2020-07-10 22:00:00+00:00,,,,
2020-07-11 22:00:00+00:00,,,,
2020-07-12 22:00:00+00:00,,,,
2020-07-13 22:00:00+00:00,,,,
2020-07-14 22:00:00+00:00,,,,
2020-07-15 22:00:00+00:00,,,,
2020-07-16 22:00:00+00:00,,,,
2020-07-17 22:00:00+00:00,,,,
2020-07-18 22:00:00+00:00,,,,
2020-07-19 22:00:00+00:00,,,,
2020-07-20 22:00:00+00:00,,,,
2020-07-21 22:00:00+00:00,,,,
2020-07-22 22:00:00+00:00,,,,
2020-07-23 22:00:00+00:00,,,,
2020-07-24 22:00:00+00:00,,,,
2020-07-25 22:00:00+00:00,,,,
2020-07-26 22:00:00+00:00,,,,
2020-07-27 22:00:00+00:00,,,,
2020-07-28 22:00:00+00:00,,,,
2020-07-29 22:00:00+00:00,,,,
2020-07-30 22:00:00+00:00,,,,
2020-07-31 22:00:00+00:00,,,,
2020-08-01 22:00:00+00:00,,,,
2020-08-02 22:00:00+00:00,,,,
2020-08-03 22:00:00+00:00,,,,
2020-08-04 22:00:00+00:00,,,,
2020-08-05 22:00:00+00:00,,,,
2020-08-06 22:00:00+00:00,,,,
2020-08-07 22:00:00+00:00,,,,
2020-08-08 22:00:00+00:00,,,,
2020-08-09 22:00:00+00:00,,,,
2020-08-10 22:00:00+00:00,,,,
2020-08-11 22:00:00+00:00,,,,
2020-08-12 22:00:00+00:00,,,,
2020-08-13 22:00:00+00:00,,,,
2020-08-14 22:00:00+00:00,,,,
2020-08-15 22:00:00+00:00,,,,
2020-08-16 22:00:00+00:00,,,,
2020-08-17 22:00:00+00:00,,,,
2020-08-18 22:00:00+00:00,,,,
2020-08-19 22:00:00+00:00,,,,
2020-08-20 22:00:00+00:00,,,,
2020-08-21 22:00:00+00:00,,,,
2020-08-22 22:00:00+00:00,,,,
2020-08-23 22:00:00+00:00,,,,
2020-08-24 22:00:00+00:00,,,,
2020-08-25 22:00:00+00:00,,,,
2020-08-26 22:00:00+00:00,,,,
2020-08-27 22:00:00+00:00,,,,
2020-08-28 22:00:00+00:00,,,,
2020-08-29 22:00:00+00:00,,,,
2020-08-30 22:00:00+00:00,,,,
2020-08-31 22:00:00+00:00,,,,
2020-09-01 22:00:00+00:00,,,,
2020-09-02 22:00:00+00:00,,,,
2020-09-03 22:00:00+00:00,,,,
2020-09-04 22:00:00+00:00,,,,
2020-09-05 22:00:00+00:00,,,,
2020-09-06 22:00:00+00:00,,,,
2020-09-07 22:00:00+00:00,,,,
2020-09-08 22:00:00+00:00,,,,
2020-09-09 22:00:00+00:00,,,,
2020-09-10 22:00:00+00:00,,,,
2020-09-11 22:00:00+00:00,,,,
2020-09-12 22:00:00+00:00,,,,
2020-09-13 22:00:00+00:00,,,,
2020-09-14 22:00:00+00:00,,,,
2020-09-15 22:00:00+00:00,,,,
2020-09-16 22:00:00+00:00,,,,
2020-09-17 22:00:00+00:00,,,,
2020-09-18 22:00:00+00:00,,,,
2020-09-19 22:00:00+00:00,,,,
2020-09-20 22:00:00+00:00,,,,
2020-09-21 22:00:00+00:00,,,,
2020-09-22 22:00:00+00:00,,,,
2020-09-23 22:00:00+00:00,,,,
2020-09-24 22:00:00+00:00,,,,
2020-09-25 22:00:00+00:00,,,,
2020-09-26 22:00:00+00:00,,,,
2020-09-27 22:00:00+00:00,,,,
2020-09-28 22:00:00+00:00,,,,
2020-09-29 22:00:00+00:00,,,,
2020-09-30 22:00:00+00:00,,,,
2020-10-01 22:00:00+00:00,,,,
2020-10-02 22:00:00+00:00,,,,
2020-10-03 22:00:00+00:00,,,,
2020-10-04 22:00:00+00:00,,,,
2020-10-05 22:00:00+00:00,,,,
2020-10-06 22:00:00+00:00,,,,
2020-10-07 22:00:00+00:00,,,,
2020-10-08 22:00:00+00:00,,,,
2020-10-09 22:00:00+00:00,,,,
2020-10-10 22:00:00+00:00,,,,
2020-10-11 22:00:00+00:00,,,,
2020-10-12 22:00:00+00:00,,,,
2020-10-13 22:00:00+00:00,,,,
2020-10-14 22:00:00+00:00,,,,
2020-10-15 22:00:00+00:00,,,,
2020-10-16 22:00:00+00:00,,,,
2020-10-17 22:00:00+00:00,,,,
2020-10-18 22:00:00+00:00,,,,
2020-10-19 22:00:00+00:00,,,,
2020-10-20 22:00:00+00:00,,,,
2020-10-21 22:00:00+00:00,,,,
2020-10-22 22:00:00+00:00,,,,
2020-10-23 22:00:00+00:00,,,,
2020-10-24 22:00:00+00:00,,,,
2020-10-25 22:00:00+00:00,,,,
2020-10-26 22:00:00+00:00,,,,
2020-10-27 22:00:00+00:00,,,,
2020-10-28 22:00:00+00:00,,,,
2020-10-29 22:00:00+00:00,,,,
2020-10-30 22:00:00+00:00,,,,
2020-10-31 22:00:00+00:00,,,,
2020-11-01 22:00:00+00:00,,,,
2020-11-02 22:00:00+00:00,,,,
2020-11-03 22:00:00+00:00,,,,
2020-11-04 22:00:00+00:00,,,,
2020-11-05 22:00:00+00:00,,,,
2020-11-06 22:00:00+00:00,,,,
2020-11-07 22:00:00+00:00,,,,
2020-11-08 22:00:00+00:00,,,,
2020-11-09 22:00:00+00:00,,,,
2020-11-10 22:00:00+00:00,,,,
2020-11-11 22:00:00+00:00,,,,
2020-11-12 22:00:00+00:00,,,,
2020-11-13 22:00:00+00:00,,,,
2020-11-14 22:00:00+00:00,,,,
2020-11-15 22:00:00+00:00,,,,
2020-11-16 22:00:00+00:00,,,,
2020-11-17 22:00:00+00:00,,,,
2020-11-18 22:00:00+00:00,,,,
2020-11-19 22:00:00+00:00,,,,
2020-11-20 22:00:00+00:00,,,,
2020-11-21 22:00:00+00:00,,,,
2020-11-22 22:00:00+00:00,,,,
2020-11-23 22:00:00+00:00,,,,
2020-11-24 22:00:00+00:00,,,,
2020-11-25 22:00:00+00:00,,,,
2020-11-26 22:00:00+00:00,,,,
2020-11-27 22:00:00+00:00,,,,
2020-11-28 22:00:00+00:00,,,,
2020-11-29 22:00:00+00:00,,,,
2020-11-30 22:00:00+00:00,,,,
2020-12-01 22:00:00+00:00,,,,
2020-12-02 22:00:00+00:00,,,,
2020-12-03 22:00:00+00:00,,,,
2020-12-04 22:00:00+00:00,,,,
2020-12-05 22:00:00+00:00,,,,
2020-12-06 22:00:00+00:00,,,,
2020-12-07 22:00:00+00:00,,,,
2020-12-08 22:00:00+00:00,,,,
2020-12-09 22:00:00+00:00,,,,
2020-12-10 22:00:00+00:00,,,,
2020-12-11 22:00:00+00:00,,,,
2020-12-12 22:00:00+00:00,,,,
2020-12-13 22:00:00+00:00,,,,
2020-12-14 22:00:00+00:00,,,,
2020-12-15 22:00:00+00:00,,,,
2020-12-16 22:00:00+00:00,,,,
2020-12-17 22:00:00+00:00,,,,
2020-12-18 22:00:00+00:00,,,,
2020-12-19 22:00:00+00:00,,,,
2020-12-20 22:00:00+00:00,,,,
2020-12-21 22:00:00+00:00,,,,
2020-12-22 22:00:00+00:00,,,,
2020-12-23 22:00:00+00:00,,,,
2020-12-24 22:00:00+00:00,,,,
2020-12-25 22:00:00+00:00,,,,
2020-12-26 22:00:00+00:00,,,,
2020-12-27 22:00:00+00:00,,,,
2020-12-28 22:00:00+00:00,,,,
2020-12-29 22:00:00+00:00,,,,
2020-12-30 22:00:00+00:00,,,,
2020-12-31 22:00:00+00:00,,,,
2021-01-01 22:00:00+00:00,,,,
2021-01-02 22:00:00+00:00,,,,
2021-01-03 22:00:00+00:00,,,,
2021-01-04 22:00:00+00:00,,,,
2021-01-05 22:00:00+00:00,,,,
2021-01-06 22:00:00+00:00,,,,
2021-01-07 22:00:00+00:00,,,,
2021-01-08 22:00:00+00:00,,,,
2021-01-09 22:00:00+00:00,,,,
2021-01-10 22:00:00+00:00,,,,
2021-01-11 22:00:00+00:00,,,,
2021-01-12 22:00:00+00:00,,,,
2021-01-13 22:00:00+00:00,,,,
2021-01-14 22:00:00+00:00,,,,
2021-01-15 22:00:00+00:00,,,,
2021-01-16 22:00:00+00:00,,,,
2021-01-17 22:00:00+00:00,,,,
2021-01-18 22:00:00+00:00,,,,
2021-01-19 22:00:00+00:00,,,,
2021-01-20 22:00:00+00:00,,,,
2021-01-21 22:00:00+00:00,,,,
2021-01-22 22:00:00+00:00,,,,
2021-01-23 22:00:00+00:00,,,,
2021-01-24 22:00:00+00:00,,,,
2021-01-25 22:00:00+00:00,,,,
2021-01-26 22:00:00+00:00,,,,
2021-01-27 22:00:00+00:00,,,,
2021-01-28 22:00:00+00:00,,,,
2021-01-29 22:00:00+00:00,,,,
2021-01-30 22:00:00+00:00,,,,
2021-01-31 22:00:00+00:00,,,,
2021-02-01 22:00:00+00:00,,,,
2021-02-02 22:00:00+00:00,,,,
2021-02-03 22:00:00+00:00,,,,
2021-02-04 22:00:00+00:00,,,,
2021-02-05 22:00:00+00:00,,,,
2021-02-06 22:00:00+00:00,,,,
2021-02-07 22:00:00+00:00,,,,
2021-02-08 22:00:00+00:00,,,,
2021-02-09 22:00:00+00:00,,,,
2021-02-10 22:00:00+00:00,,,,
2021-02-11 22:00:00+00:00,,,,
2021-02-12 22:00:00+00:00,,,,
2021-02-13 22:00:00+00:00,,,,
2021-02-14 22:00:00+00:00,,,,
2021-02-15 22:00:00+00:00,,,,
2021-02-16 22:00:00+00:00,,,,
2021-02-17 22:00:00+00:00,,,,
2021-02-18 22:00:00+00:00,,,,
2021-02-19 22:00:00+00:00,,,,
2021-02-20 22:00:00+00:00,,,,
2021-02-21 22:00:00+00:00,,,,
2021-02-22 22:00:00+00:00,,,,
2021-02-23 22:00:00+00:00,,,,
2021-02-24 22:00:00+00:00,,,,
2021-02-25 22:00:00+00:00,,,,
2021-02-26 22:00:00+00:00,,,,
2021-02-27 22:00:00+00:00,,,,
2021-02-28 22:00:00+00:00,,,,
2021-03-01 22:00:00+00:00,,,,
2021-03-02 22:00:00+00:00,,,,
2021-03-03 22:00:00+00:00,,,,
2021-03-04 22:00:00+00:00,,,,
2021-03-05 22:00:00+00:00,,,,
2021-03-06 22:00:00+00:00,,,,
2021-03-07 22:00:00+00:00,,,,
2021-03-08 22:00:00+00:00,,,,
2021-03-09 22:00:00+00:00,,,,
2021-03-10 22:00:00+00:00,,,,
2021-03-11 22:00:00+00:00,,,,
2021-03-12 22:00:00+00:00,,,,
2021-03-13 22:00:00+00:00,,,,
2021-03-14 22:00:00+00:00,,,,
2021-03-15 22:00:00+00:00,,,,
2021-03-16 22:00:00+00:00,,,,
2021-03-17 22:00:00+00:00,,,,
2021-03-18 22:00:00+00:00,,,,
2021-03-19 22:00:00+00:00,,,,
2021-03-20 22:00:00+00:00,,,,
2021-03-21 22:00:00+00:00,,,,
2021-03-22 22:00:00+00:00,,,,
2021-03-23 22:00:00+00:00,7.3395,-3.9605,0.0,0.0
2021-03-24 22:00:00+00:00,6.7395,-2.2605002,0.0,0.0
2021-03-25 22:00:00+00:00,7.9395,-2.1604998,0.003385827,0.0038582678
2021-03-26 22:00:00+00:00,4.7895,-2.2605002,0.06212599,5.0609455
2021-03-27 22:00:00+00:00,8.2395,-3.8105,0.0,0.0
2021-03-28 22:00:00+00:00,11.7395,0.33949995,0.0,0.0
2021-03-29 22:00:00+00:00,16.939499,4.2395,0.0,0.0
2021-03-30 22:00:00+00:00,12.8395,5.8395,0.015748031,0.0
2021-03-31 22:00:00+00:00,12.4395,5.6395,0.003937008,0.0
2021-04-01 22:00:00+00:00,14.9395,5.3395,0.0,0.0
2021-04-02 22:00:00+00:00,10.0395,1.1394999,0.0,0.0
2021-04-03 22:00:00+00:00,10.8395,-0.16050005,0.0,0.0
2021-04-04 22:00:00+00:00,10.7395,0.5395,0.0,0.10086614
2021-04-05 22:00:00+00:00,3.9395,-7.1604996,0.0068897638,2.587795
2021-04-06 22:00:00+00:00,0.1394999,-9.6605,0.003937008,1.2649605
2021-04-07 22:00:00+00:00,5.6395,-8.6605,0.0,0.0
2021-04-08 22:00:00+00:00,11.0395,-1.6604998,0.0,0.0
2021-04-09 22:00:00+00:00,10.3395,1.6394999,0.0,0.0
2021-04-10 22:00:00+00:00,13.3395,4.1395,0.4690945,2.5864174
2021-04-11 22:00:00+00:00,4.5395,-6.4605,0.015708659,6.276576
2021-04-12 22:00:00+00:00,5.0395,-6.6604996,0.0,0.0
2021-04-13 22:00:00+00:00,5.2395,-7.4605,0.0020472442,0.064763784
2021-04-14 22:00:00+00:00,4.9395,-6.2605,0.001377953,0.5222441
2021-04-15 22:00:00+00:00,5.3395,-4.3604994,0.0,0.7501575
2021-04-16 22:00:00+00:00,6.2395,-5.6604996,0.0,0.16976377
2021-04-17 22:00:00+00:00,4.2395,-4.7605,0.0,1.1299212
2021-04-18 22:00:00+00:00,6.6394997,-4.0605,0.0,0.2888189
2021-04-19 22:00:00+00:00,9.4395,-1.4605,0.0,0.41145667
2021-04-20 22:00:00+00:00,9.2395,1.3395,0.007874017,0.6798819
2021-04-21 22:00:00+00:00,10.4395,-0.8605001,0.0,0.0
2021-04-22 22:00:00+00:00,12.5395,0.4395001,0.0,0.0
2021-04-23 22:00:00+00:00,17.5395,3.8395,0.0,0.0
2021-04-24 22:00:00+00:00,19.0395,6.6394997,0.0,0.0
2021-04-25 22:00:00+00:00,15.5395,8.9395,0.22047246,0.0
2021-04-26 22:00:00+00:00,12.639501,7.8395004,0.13385826,0.06614173
2021-04-27 22:00:00+00:00,10.3395,7.3395,0.25645667,0.031417325
2021-04-28 22:00:00+00:00,7.8395004,6.0395,0.63826764,0.18960631
2021-04-29 22:00:00+00:00,13.8395,4.5395,0.11956692,0.08074804
2021-04-30 22:00:00+00:00,8.3395,3.2395,0.14102364,3.4774017
2021-05-01 22:00:00+00:00,4.9395,1.9395,0.007716532,3.6579134
2021-05-02 22:00:00+00:00,12.3395,-2.2605002,0.0,0.0
2021-05-03 22:00:00+00:00,13.0395,3.0395,0.11751969,0.0041338583
2021-05-04 22:00:00+00:00,6.4395,2.4394999,0.28094488,5.1069694
2021-05-05 22:00:00+00:00,7.8395004,1.8395,1.306496,2.1537402
2021-05-06 22:00:00+00:00,6.3395,3.2395,0.2736614,6.455709
2021-05-07 22:00:00+00:00,17.8395,0.73950005,0.0,0.0
2021-05-08 22:00:00+00:00,20.5395,8.2395,0.0,0.0
2021-05-09 22:00:00+00:00,13.0395,8.4395,0.11811023,0.0
2021-05-10 22:00:00+00:00,8.7395,4.5395,1.0649999,2.46626
2021-05-11 22:00:00+00:00,9.4395,4.0395,0.039251972,0.51452756
2021-05-12 22:00:00+00:00,8.3395,1.7395,0.037125982,1.5463386
2021-05-13 22:00:00+00:00,11.3395,1.1394999,0.053858265,0.8408267
2021-05-14 22:00:00+00:00,6.8395,2.5395,0.34913385,0.75291336
2021-05-15 22:00:00+00:00,9.9395,6.0395,0.66535425,0.0
2021-05-16 22:00:00+00:00,7.9395,2.3395,0.29291344,2.919882
2021-05-17 22:00:00+00:00,12.3395,3.5895,0.16759843,0.9549213
2021-05-18 22:00:00+00:00,7.7395,-0.16050005,0.028425198,1.6287402
2021-05-19 22:00:00+00:00,14.0395,2.7395,0.0,0.0
2021-05-20 22:00:00+00:00,14.639501,6.5395,0.37007874,0.00027559057
2021-05-21 22:00:00+00:00,11.3395,2.8395,0.23062992,3.8422835
2021-05-22 22:00:00+00:00,13.5395,4.1395,0.1984252,1.4496063
2021-05-23 22:00:00+00:00,13.139501,5.2395,0.22429134,0.0063385833
2021-05-24 22:00:00+00:00,11.5395,2.1395001,0.0,0.13834646
2021-05-25 22:00:00+00:00,16.2395,3.3395,0.003937008,0.0
2021-05-26 22:00:00+00:00,14.639501,6.6394997,0.0,0.0
2021-05-27 22:00:00+00:00,20.0395,6.0395,0.0,0.0
2021-05-28 22:00:00+00:00,17.0395,9.4395,0.0,0.0
2021-05-29 22:00:00+00:00,19.5395,7.3395,0.0,0.0
2021-05-30 22:00:00+00:00,19.7395,8.0395,0.0,0.0
2021-05-31 22:00:00+00:00,21.6395,9.5395,0.0,0.0
2021-06-01 22:00:00+00:00,17.8395,10.0395,0.20472442,0.0
2021-06-02 22:00:00+00:00,19.839499,11.5395,0.0,0.0
2021-06-03 22:00:00+00:00,23.0395,13.2395,0.45275593,0.0
2021-06-04 22:00:00+00:00,16.2395,10.0395,0.6299212,0.0
2021-06-05 22:00:00+00:00,17.2395,9.7395,0.0,0.0
2021-06-06 22:00:00+00:00,15.7395,10.6395,0.0,0.0
2021-06-07 22:00:00+00:00,16.1395,10.4395,0.003937009,0.0
2021-06-08 22:00:00+00:00,17.7395,9.4395,0.003937009,0.0
2021-06-09 22:00:00+00:00,22.439499,9.9395,0.0,0.0
2021-06-10 22:00:00+00:00,22.7395,11.2395,0.0,0.0
2021-06-11 22:00:00+00:00,23.2395,12.0395,0.0,0.0
2021-06-12 22:00:00+00:00,24.839499,12.8395,0.0,0.0
2021-06-13 22:00:00+00:00,26.2395,14.8395,0.0,0.0
2021-06-14 22:00:00+00:00,25.839499,14.4395,0.0,0.0
2021-06-15 22:00:00+00:00,26.439499,15.0395,0.0,0.0
2021-06-16 22:00:00+00:00,27.6395,15.8395,0.0,0.0
2021-06-17 22:00:00+00:00,28.0395,14.7395,0.0,0.0
2021-06-18 22:00:00+00:00,28.339499,15.3395,0.0,0.0
2021-06-19 22:00:00+00:00,28.2395,14.0395,0.070866145,0.0
2021-06-20 22:00:00+00:00,21.439499,12.8395,0.0,0.0
2021-06-21 22:00:00+00:00,17.6395,12.8395,0.0,0.0
2021-06-22 22:00:00+00:00,17.939499,12.0395,0.38582677,0.0
2021-06-23 22:00:00+00:00,16.439499,9.8395,0.023622043,0.0
2021-06-24 22:00:00+00:00,17.6395,8.6395,0.0,0.0
2021-06-25 22:00:00+00:00,22.339499,9.5395,0.0,0.0
2021-06-26 22:00:00+00:00,25.5395,12.7395,0.16535434,0.0
2021-06-27 22:00:00+00:00,25.1395,13.639501,0.0,0.0
2021-06-28 22:00:00+00:00,15.5395,11.0395,0.031496063,0.0
2021-06-29 22:00:00+00:00,16.3395,9.0395,0.0,0.0
2021-06-30 22:00:00+00:00,19.3395,9.0395,0.0,0.0
2021-07-01 22:00:00+00:00,21.939499,9.8395,0.0,0.0
2021-07-02 22:00:00+00:00,21.339499,12.9395,0.12992126,0.0
2021-07-03 22:00:00+00:00,16.2395,11.4395,0.39370078,0.0
2021-07-04 22:00:00+00:00,23.2395,10.6395,0.0,0.0
2021-07-05 22:00:00+00:00,23.439499,14.9395,0.09055118,0.0
2021-07-06 22:00:00+00:00,20.439499,13.4395,0.5551181,0.0
2021-07-07 22:00:00+00:00,14.7395,9.6395,0.5433071,0.0
2021-07-08 22:00:00+00:00,20.5395,9.0395,0.0,0.0
2021-07-09 22:00:00+00:00,23.439499,10.6395,0.39370078,0.0
2021-07-10 22:00:00+00:00,22.1395,10.8395,0.003937008,0.0
2021-07-11 22:00:00+00:00,25.5395,14.3395,0.0,0.0
2021-07-12 22:00:00+00:00,15.7395,8.6395,2.1522439,0.091771655
2021-07-13 22:00:00+00:00,15.5395,7.7395,0.122047246,0.0
2021-07-14 22:00:00+00:00,13.639501,10.5395,0.88188976,0.0
2021-07-15 22:00:00+00:00,16.5395,10.7395,0.04330708,0.0
2021-07-16 22:00:00+00:00,20.839499,10.0395,0.0,0.0
2021-07-17 22:00:00+00:00,25.439499,11.8395,0.0,0.0
2021-07-18 22:00:00+00:00,23.5395,13.639501,0.0,0.0
2021-07-19 22:00:00+00:00,25.2395,13.639501,0.0,0.0
2021-07-20 22:00:00+00:00,25.439499,14.139501,0.0,0.0
2021-07-21 22:00:00+00:00,25.7395,13.9395,0.0,0.0
2021-07-22 22:00:00+00:00,28.0395,14.8395,0.0,0.0
2021-07-23 22:00:00+00:00,26.1395,14.8395,0.0,0.0
2021-07-24 22:00:00+00:00,18.7395,13.639501,0.003937008,0.0
2021-07-25 22:00:00+00:00,19.939499,12.139501,0.0,0.0
2021-07-26 22:00:00+00:00,23.2395,12.2395,0.003937009,0.0
2021-07-27 22:00:00+00:00,21.939499,13.3395,0.39763778,0.0
2021-07-28 22:00:00+00:00,24.939499,12.139501,0.0,0.0
2021-07-29 22:00:00+00:00,25.1395,14.3395,0.094488196,0.0
2021-07-30 22:00:00+00:00,21.839499,13.5395,0.47637796,0.0
2021-07-31 22:00:00+00:00,13.639501,9.3395,0.7913385,0.0
2021-08-01 22:00:00+00:00,16.7395,8.1395,0.0,0.0
2021-08-02 22:00:00+00:00,18.7395,8.9395,0.34645668,0.0
2021-08-03 22:00:00+00:00,13.639501,11.5395,0.4566929,0.0
2021-08-04 22:00:00+00:00,17.7395,9.5395,0.0,0.0
2021-08-05 22:00:00+00:00,22.1395,10.9395,0.0,0.0
2021-08-06 22:00:00+00:00,21.5395,12.3395,0.9370079,0.0
2021-08-07 22:00:00+00:00,18.439499,9.9395,0.0,0.0
2021-08-08 22:00:00+00:00,21.6395,9.5395,0.0,0.0
2021-08-09 22:00:00+00:00,25.2395,14.639501,0.0,0.0
2021-08-10 22:00:00+00:00,27.0395,15.9395,0.0,0.0
2021-08-11 22:00:00+00:00,28.939499,17.2395,0.027559057,0.0
2021-08-12 22:00:00+00:00,28.2395,16.1395,0.007874016,0.0
2021-08-13 22:00:00+00:00,29.339499,18.2395,0.0,0.0
2021-08-14 22:00:00+00:00,28.6395,17.2395,0.023622053,0.0
2021-08-15 22:00:00+00:00,17.2395,11.6395,0.015748031,0.0
2021-08-16 22:00:00+00:00,16.5395,9.4395,0.0,0.0
2021-08-17 22:00:00+00:00,20.6395,9.0395,0.0,0.0
2021-08-18 22:00:00+00:00,21.439499,10.5395,0.0,0.0
2021-08-19 22:00:00+00:00,23.6395,12.0395,0.0,0.0
2021-08-20 22:00:00+00:00,25.439499,13.7895,0.0,0.0
2021-08-21 22:00:00+00:00,21.6395,13.5395,0.0,0.0
2021-08-22 22:00:00+00:00,17.6395,11.3395,0.011811024,0.0
2021-08-23 22:00:00+00:00,20.839499,10.0395,0.0,0.0
2021-08-24 22:00:00+00:00,19.6395,10.2395,0.0,0.0
2021-08-25 22:00:00+00:00,21.5395,10.7395,0.0,0.0
2021-08-26 22:00:00+00:00,18.939499,8.6395,0.0,0.0
2021-08-27 22:00:00+00:00,17.939499,6.8395,0.0,0.0
2021-08-28 22:00:00+00:00,18.3395,6.6394997,0.0,0.0
2021-08-29 22:00:00+00:00,18.6395,8.2395,0.003937008,0.0
2021-08-30 22:00:00+00:00,18.439499,8.6395,0.0,0.0
2021-08-31 22:00:00+00:00,21.7395,9.5395,0.0,0.0
2021-09-01 22:00:00+00:00,24.0395,11.9395,0.0,0.0
2021-09-02 22:00:00+00:00,19.6395,12.4395,0.0,0.0
2021-09-03 22:00:00+00:00,18.8395,11.6395,0.0,0.0
2021-09-04 22:00:00+00:00,23.0395,11.4395,0.0,0.0
2021-09-05 22:00:00+00:00,22.939499,11.8395,0.0,0.0
2021-09-06 22:00:00+00:00,23.5395,12.4395,0.0,0.0
2021-09-07 22:00:00+00:00,25.1395,12.639501,0.0,0.0
2021-09-08 22:00:00+00:00,20.2395,12.0395,0.2047244,0.0
2021-09-09 22:00:00+00:00,17.3395,13.4395,0.26771653,0.0
2021-09-10 22:00:00+00:00,20.7395,11.3395,0.0,0.0
2021-09-11 22:00:00+00:00,22.0395,11.1395,0.0,0.0
2021-09-12 22:00:00+00:00,23.2395,12.5395,0.0,0.0
2021-09-13 22:00:00+00:00,22.6395,14.0395,0.0,0.0
2021-09-14 22:00:00+00:00,19.0395,14.3395,0.07480316,0.0
2021-09-15 22:00:00+00:00,17.2395,13.4395,0.3149606,0.0
2021-09-16 22:00:00+00:00,19.439499,11.4395,0.003937008,0.0
2021-09-17 22:00:00+00:00,20.939499,10.2395,0.0,0.0
2021-09-18 22:00:00+00:00,12.3395,6.7395,0.79984254,0.05070866
2021-09-19 22:00:00+00:00,12.139501,6.9395,0.12992126,0.0
2021-09-20 22:00:00+00:00,17.8395,6.8395,0.0,0.0
2021-09-21 22:00:00+00:00,19.939499,7.9895,0.0,0.0
2021-09-22 22:00:00+00:00,21.339499,10.5395,0.0,0.0
2021-09-23 22:00:00+00:00,21.7395,10.8395,0.0,0.0
2021-09-24 22:00:00+00:00,24.2395,13.2395,0.04330709,0.0
2021-09-25 22:00:00+00:00,17.939499,11.2395,0.047244094,0.0
2021-09-26 22:00:00+00:00,19.6395,9.6395,0.0,0.0
2021-09-27 22:00:00+00:00,18.8395,9.7395,0.0,0.0
2021-09-28 22:00:00+00:00,16.1395,8.5395,0.0,0.0
2021-09-29 22:00:00+00:00,17.439499,6.3395,0.003937008,0.0
2021-09-30 22:00:00+00:00,19.839499,9.0395,0.0,0.0
2021-10-01 22:00:00+00:00,19.2395,9.4395,0.0,0.0
2021-10-02 22:00:00+00:00,17.6395,10.6395,0.031496063,0.0
2021-10-03 22:00:00+00:00,9.9395,7.7395,0.28346458,0.0
2021-10-04 22:00:00+00:00,13.8395,8.7395,0.61417323,0.0
2021-10-05 22:00:00+00:00,8.5895,2.7395,0.08574803,0.362126
2021-10-06 22:00:00+00:00,10.4895,3.3395,0.0,0.0
2021-10-07 22:00:00+00:00,15.7895,3.6395,0.0,0.0
2021-10-08 22:00:00+00:00,14.6895,6.3395,0.0,0.0
2021-10-09 22:00:00+00:00,13.9395,3.9395,0.0,0.0
2021-10-10 22:00:00+00:00,15.2395,3.4395,0.0,0.0
2021-10-11 22:00:00+00:00,12.5395,3.1395001,0.0,0.0
2021-10-12 22:00:00+00:00,9.9395,2.2395,0.0,0.0
2021-10-13 22:00:00+00:00,14.2395,1.8395,0.0,0.0
2021-10-14 22:00:00+00:00,15.4395,4.9895,0.0,0.0
2021-10-15 22:00:00+00:00,15.639501,5.4395,0.0,0.0
2021-10-16 22:00:00+00:00,16.2395,5.8395,0.0,0.0
2021-10-17 22:00:00+00:00,17.3395,6.6394997,0.0,0.0
2021-10-18 22:00:00+00:00,19.2395,8.9395,0.0,0.0
2021-10-19 22:00:00+00:00,18.0395,11.1395,0.0,0.0
2021-10-20 22:00:00+00:00,14.2395,5.3395,0.3976378,0.0
2021-10-21 22:00:00+00:00,9.3895,3.5395,0.0,0.0
2021-10-22 22:00:00+00:00,13.9895,2.0395,0.0,0.0
2021-10-23 22:00:00+00:00,16.0395,5.2395,0.0,0.0
2021-10-24 22:00:00+00:00,14.7895,6.0895,0.0,0.0
2021-10-25 22:00:00+00:00,10.8895,4.5895,0.0,0.0
2021-10-26 22:00:00+00:00,15.8395,4.3395,0.0,0.0
2021-10-27 22:00:00+00:00,16.1395,6.0895,0.0,0.0
2021-10-28 22:00:00+00:00,16.1395,6.2895,0.0,0.0
2021-10-29 22:00:00+00:00,10.6895,5.2395,0.035433073,0.0
2021-10-30 22:00:00+00:00,14.9895,7.4395,0.007874016,0.0
2021-10-31 22:00:00+00:00,9.3895,4.8395,0.828622,0.4004331
2021-11-01 22:00:00+00:00,6.2395,2.4394999,0.028070863,1.2566929
2021-11-02 22:00:00+00:00,5.2895,2.1395001,0.026692914,2.1512597
2021-11-03 22:00:00+00:00,3.3895,-2.4605,0.0010236221,1.1227559
2021-11-04 22:00:00+00:00,6.8395,-2.8105,0.0,0.0
2021-11-05 22:00:00+00:00,9.2895,-2.0605,0.0,0.0
2021-11-06 22:00:00+00:00,10.9895,-2.4104998,0.0,0.0
2021-11-07 22:00:00+00:00,8.3895,-0.7105,0.0,0.0
2021-11-08 22:00:00+00:00,12.639501,-0.2605002,0.0,0.0
2021-11-09 22:00:00+00:00,12.6895,4.0395,0.0,0.0
2021-11-10 22:00:00+00:00,13.9895,6.1394997,0.0,0.0
2021-11-11 22:00:00+00:00,16.2895,6.0895,0.0,0.0
2021-11-12 22:00:00+00:00,9.9395,5.9895,0.023622047,0.015157482
2021-11-13 22:00:00+00:00,6.9895,3.8895,0.022362206,0.37838584
2021-11-14 22:00:00+00:00,11.6895,3.7395,0.0,0.0
2021-11-15 22:00:00+00:00,11.2895,3.6395,0.0,0.0
2021-11-16 22:00:00+00:00,8.1895,3.0895,0.0,0.0
2021-11-17 22:00:00+00:00,10.8395,2.2895,0.0,0.0
2021-11-18 22:00:00+00:00,13.9895,4.2895,0.0,0.0
2021-11-19 22:00:00+00:00,14.889501,6.5895,0.0,0.0
2021-11-20 22:00:00+00:00,10.8895,4.3895,0.0,0.0
2021-11-21 22:00:00+00:00,7.8894997,3.1395001,0.0,0.0
2021-11-22 22:00:00+00:00,10.4895,2.3395,0.0,0.0
2021-11-23 22:00:00+00:00,10.9895,2.4394999,0.0,0.0
2021-11-24 22:00:00+00:00,7.1394997,2.5395,0.039881885,0.38224414
2021-11-25 22:00:00+00:00,2.6894999,-2.9605,0.0,1.7913382
2021-11-26 22:00:00+00:00,1.7395,-4.6104994,0.0,1.8343307
2021-11-27 22:00:00+00:00,-0.9605,-6.2105,0.0,2.2047243
2021-11-28 22:00:00+00:00,-2.2605002,-9.5605,0.0,2.5905507
2021-11-29 22:00:00+00:00,2.0895,-10.860499,0.0,0.0
2021-11-30 22:00:00+00:00,4.8395,-2.1105,0.021889761,5.1381106
2021-12-01 22:00:00+00:00,1.0895,-8.360499,0.007874016,3.472441
2021-12-02 22:00:00+00:00,-0.3605001,-12.260499,0.0,0.0
2021-12-03 22:00:00+00:00,4.0395,0.7895,0.4408268,12.782991
2021-12-04 22:00:00+00:00,0.33949995,-6.2605,0.0,0.9645668
2021-12-05 22:00:00+00:00,-0.7105,-8.1605,0.0,0.3031496
2021-12-06 22:00:00+00:00,2.8395,-5.3105,0.0003149607,1.0450394
2021-12-07 22:00:00+00:00,2.6395001,-2.1604998,0.007401575,11.330078
2021-12-08 22:00:00+00:00,-1.0105002,-9.110499,0.0,3.3346455
2021-12-09 22:00:00+00:00,0.6394999,-8.860499,0.0,9.893702
2021-12-10 22:00:00+00:00,0.08949995,-5.8604994,0.0,0.96456695
2021-12-11 22:00:00+00:00,3.4395,-8.8105,0.0,0.0
2021-12-12 22:00:00+00:00,5.3395,-0.4605,0.0,0.0
2021-12-13 22:00:00+00:00,5.4395,0.33949995,0.0,0.0
2021-12-14 22:00:00+00:00,5.1395,0.6394999,0.0,0.0
2021-12-15 22:00:00+00:00,5.2895,-1.6105001,0.0,0.0
2021-12-16 22:00:00+00:00,5.1395,-0.9605,0.0,0.0
2021-12-17 22:00:00+00:00,5.3395,-2.4605,0.0,0.0
2021-12-18 22:00:00+00:00,4.7895,-2.6604998,0.0,0.0
2021-12-19 22:00:00+00:00,4.7395,-4.1604996,0.0,0.0
2021-12-20 22:00:00+00:00,4.4395,-4.9605,0.0,0.0
2021-12-21 22:00:00+00:00,4.3895,-5.7605,0.0,0.0
2021-12-22 22:00:00+00:00,4.8895,-3.6105,0.0,0.0
2021-12-23 22:00:00+00:00,5.0895,0.5395,0.0,0.0
2021-12-24 22:00:00+00:00,5.1395,1.5895,0.0,0.0
2021-12-25 22:00:00+00:00,4.4395,2.7395,0.0242126,0.1755512
2021-12-26 22:00:00+00:00,4.3395,-0.8104999,0.071259834,2.367323
2021-12-27 22:00:00+00:00,5.0895,1.7895,0.3358268,5.117717
2021-12-28 22:00:00+00:00,6.7395,2.4394999,1.2760235,3.3867323
2021-12-29 22:00:00+00:00,6.9895,3.5395,0.29133856,0.0
2021-12-30 22:00:00+00:00,7.0895,3.8395,0.0,0.0
2021-12-31 22:00:00+00:00,8.6895,3.6395,0.0,0.0
2022-01-01 22:00:00+00:00,7.9395,3.7895,0.0,0.0
2022-01-02 22:00:00+00:00,5.7395,2.1894999,0.0,0.0
2022-01-03 22:00:00+00:00,8.1895,5.6895,0.2710236,0.004409449
2022-01-04 22:00:00+00:00,4.8895,-9.7605,0.068582684,6.409685
2022-01-05 22:00:00+00:00,-2.2605002,-12.760499,0.0,0.0
2022-01-06 22:00:00+00:00,-0.7605002,-11.610499,0.0,1.0748031
2022-01-07 22:00:00+00:00,0.98950005,-5.0605,0.0,1.543307
2022-01-08 22:00:00+00:00,1.3395,-4.9104996,0.0,8.102364
2022-01-09 22:00:00+00:00,-0.9104998,-9.4605,0.0,0.4685039
2022-01-10 22:00:00+00:00,0.9395001,-10.5605,0.0,0.0
2022-01-11 22:00:00+00:00,3.3395,-8.9605,0.0,0.0
2022-01-12 22:00:00+00:00,6.0895,-4.6604996,0.0,0.0
2022-01-13 22:00:00+00:00,7.3894997,-0.7105,0.0,0.0
2022-01-14 22:00:00+00:00,7.7395,-0.5604999,0.0,0.0
2022-01-15 22:00:00+00:00,4.5895,-4.6604996,0.0,0.0
2022-01-16 22:00:00+00:00,3.4395,-5.9605,0.0,0.0
2022-01-17 22:00:00+00:00,6.2895,-3.1604998,0.0,0.0
2022-01-18 22:00:00+00:00,5.2395,-1.4104998,0.0,0.41338584
2022-01-19 22:00:00+00:00,0.98950005,-5.7105,0.0,0.9645668
2022-01-20 22:00:00+00:00,-1.8605001,-10.7105,0.0,0.027559055
2022-01-21 22:00:00+00:00,2.8895001,-7.2105,0.0,0.0
2022-01-22 22:00:00+00:00,5.9395,-2.4104998,0.0,0.0
2022-01-23 22:00:00+00:00,7.5895,-2.4104998,0.0,0.0
2022-01-24 22:00:00+00:00,7.5895,-1.4605,0.0,0.0
2022-01-25 22:00:00+00:00,7.5395,-1.6105001,0.0,0.0
2022-01-26 22:00:00+00:00,8.3395,-1.9104998,0.0,0.0
2022-01-27 22:00:00+00:00,4.8895,-2.8105,0.0,0.0
2022-01-28 22:00:00+00:00,6.6895,-1.9605,0.0,0.0
2022-01-29 22:00:00+00:00,6.2395,-1.2105,0.0,0.0
2022-01-30 22:00:00+00:00,1.6394999,-2.8605,0.0,3.4724407
2022-01-31 22:00:00+00:00,1.4395001,-5.7605,0.0,3.6377952
2022-02-01 22:00:00+00:00,3.9395,-0.060499907,0.0044881906,5.59063
2022-02-02 22:00:00+00:00,6.5895,-1.6105001,0.0,0.0
2022-02-03 22:00:00+00:00,4.6895,-2.0605,0.0,0.16535434
2022-02-04 22:00:00+00:00,3.2895,-5.7605,0.003976378,0.24775591
2022-02-05 22:00:00+00:00,2.2395,-6.4605,0.0,1.2677165
2022-02-06 22:00:00+00:00,1.8395,-7.3604994,0.0,6.4438577
2022-02-07 22:00:00+00:00,4.9395,-7.0605,0.0,0.0
2022-02-08 22:00:00+00:00,7.0895,-0.8104999,0.0,0.0
2022-02-09 22:00:00+00:00,5.7895,-0.6604998,0.0,0.0
2022-02-10 22:00:00+00:00,2.6894999,-7.5605,0.0,3.361378
2022-02-11 22:00:00+00:00,4.4395,-10.7105,0.0,0.0
2022-02-12 22:00:00+00:00,4.2895,-4.8604994,0.0,0.0
2022-02-13 22:00:00+00:00,5.5895,-4.5105,0.0,3.00063
2022-02-14 22:00:00+00:00,1.8895,-6.5605,0.0,2.4803147
2022-02-15 22:00:00+00:00,5.1395,-6.3604994,0.30803153,2.2807872
2022-02-16 22:00:00+00:00,5.6895,2.9895,0.33858263,0.0
2022-02-17 22:00:00+00:00,7.4395,0.4395001,0.3425197,0.0
2022-02-18 22:00:00+00:00,5.5895,-5.2105,0.23755905,1.9748819
2022-02-19 22:00:00+00:00,3.5395,-6.6104994,0.0,0.0
2022-02-20 22:00:00+00:00,2.2895,-0.7105,0.0,7.688425
2022-02-21 22:00:00+00:00,3.1395001,-4.4605,0.0,4.2165356
2022-02-22 22:00:00+00:00,4.6895,-3.9605,0.0,0.0
2022-02-23 22:00:00+00:00,4.4395,-1.3104999,0.00015748035,0.026456693
2022-02-24 22:00:00+00:00,2.0895,-8.8105,0.0,1.9170074
2022-02-25 22:00:00+00:00,1.6895001,-9.610499,0.0,0.0
2022-02-26 22:00:00+00:00,2.0395,-8.9105,0.0,0.0
2022-02-27 22:00:00+00:00,3.4395,-8.360499,0.0,0.0
2022-02-28 22:00:00+00:00,4.8895,-5.3604994,0.0,0.0
2022-03-01 22:00:00+00:00,5.5895,-4.8105,0.0,0.0
2022-03-02 22:00:00+00:00,6.7395,-4.1105003,0.0,0.0
2022-03-03 22:00:00+00:00,4.9395,-4.8604994,0.0,0.0
2022-03-04 22:00:00+00:00,2.5895,-8.860499,0.0,0.0
2022-03-05 22:00:00+00:00,2.0395,-9.610499,0.0,0.0
2022-03-06 22:00:00+00:00,3.5395,-9.360499,0.0,0.0
2022-03-07 22:00:00+00:00,5.2395,-7.2105,0.0,0.0
2022-03-08 22:00:00+00:00,5.8395,-5.6604996,0.0,0.0
2022-03-09 22:00:00+00:00,7.8395004,-4.6604996,0.0,0.0
2022-03-10 22:00:00+00:00,6.1895,-2.5605,0.0,0.0
2022-03-11 22:00:00+00:00,6.1394997,-1.5604999,0.0,0.0
2022-03-12 22:00:00+00:00,7.1394997,-2.6604998,0.0,0.0
2022-03-13 22:00:00+00:00,7.4395,-3.6604998,0.0,0.6889764
2022-03-14 22:00:00+00:00,10.1395,3.3395,0.09779527,0.3626772
2022-03-15 22:00:00+00:00,13.2395,4.0395,0.0,0.0
2022-03-16 22:00:00+00:00,10.6895,3.2395,0.0,0.0
2022-03-17 22:00:00+00:00,8.6895,2.4394999,0.003937008,0.0
2022-03-18 22:00:00+00:00,6.5895,-1.4104998,0.0,0.0
2022-03-19 22:00:00+00:00,6.5895,-4.0105,0.0,0.0
2022-03-20 22:00:00+00:00,8.3395,-3.3605,0.0,0.0
2022-03-21 22:00:00+00:00,9.4395,-4.6604996,0.0,0.0
2022-03-22 22:00:00+00:00,11.8395,-2.6604998,0.0,0.0
2022-03-23 22:00:00+00:00,13.3395,-0.16050005,0.0,0.0
2022-03-24 22:00:00+00:00,13.5395,1.5395,0.0,0.0
2022-03-25 22:00:00+00:00,12.7395,0.8894999,0.0,0.0
2022-03-26 22:00:00+00:00,11.5395,-1.2605002,0.0,0.0
2022-03-27 22:00:00+00:00,11.8395,-0.16050005,0.0,0.0
2022-03-28 22:00:00+00:00,10.2395,2.1894999,0.0,0.0
2022-03-29 22:00:00+00:00,6.5395,4.6395,0.085118115,0.66003937
2022-03-30 22:00:00+00:00,4.8395,1.9395,0.0846063,7.0181894
2022-03-31 22:00:00+00:00,1.6394999,-4.8604994,0.0,6.9173226
2022-04-01 22:00:00+00:00,-1.0604999,-9.1605,0.0,1.7362204
2022-04-02 22:00:00+00:00,1.0395,-12.260499,0.0,0.3582677
2022-04-03 22:00:00+00:00,2.6395001,-9.1605,0.0,0.0
2022-04-04 22:00:00+00:00,5.9395,-5.9605,0.0,0.0
2022-04-05 22:00:00+00:00,6.4395,-1.0604999,0.003937008,0.009921261
2022-04-06 22:00:00+00:00,5.0395,3.3395,0.49913386,4.7908664
2022-04-07 22:00:00+00:00,5.3395,3.7395,1.1944882,4.9033074
2022-04-08 22:00:00+00:00,4.4395,-6.2605,0.042165354,6.1294084
2022-04-09 22:00:00+00:00,10.0395,-5.4605,0.0,0.0
2022-04-10 22:00:00+00:00,12.8395,-0.060499907,0.0,0.0
2022-04-11 22:00:00+00:00,14.8395,3.4395,0.015748031,0.0
2022-04-12 22:00:00+00:00,13.5395,5.3395,0.0,0.0
2022-04-13 22:00:00+00:00,16.5395,6.4395,0.0,0.0
2022-04-14 22:00:00+00:00,15.2395,5.5395,0.0,0.0
2022-04-15 22:00:00+00:00,15.5395,4.7395,0.0,0.0
2022-04-16 22:00:00+00:00,13.9395,0.73950005,0.0,0.0
2022-04-17 22:00:00+00:00,12.3395,0.83949995,0.0,0.0
2022-04-18 22:00:00+00:00,15.0395,2.9394999,0.0,0.0
2022-04-19 22:00:00+00:00,16.5395,4.6395,0.0,0.031692915
2022-04-20 22:00:00+00:00,13.9395,5.5395,0.0,0.035551183
2022-04-21 22:00:00+00:00,14.8395,4.0395,0.0,0.0
2022-04-22 22:00:00+00:00,13.4395,5.4395,0.11614174,0.068897635
2022-04-23 22:00:00+00:00,7.6394997,1.1394999,0.1477559,4.2832284
2022-04-24 22:00:00+00:00,7.4395,3.7395,0.094960645,0.2472047
2022-04-25 22:00:00+00:00,11.1395,3.3395,0.0,0.23122045
2022-04-26 22:00:00+00:00,17.3395,2.4394999,0.0,0.0
2022-04-27 22:00:00+00:00,18.2395,4.8395,0.0,0.0
2022-04-28 22:00:00+00:00,18.2395,6.7395,0.0,0.0
2022-04-29 22:00:00+00:00,12.139501,4.6395,0.027559057,0.23122045
2022-04-30 22:00:00+00:00,14.9395,2.6395001,0.0,0.14688976
2022-05-01 22:00:00+00:00,15.639501,3.8395,0.0,0.10582678
2022-05-02 22:00:00+00:00,13.4395,6.9395,0.010551181,0.16425197
2022-05-03 22:00:00+00:00,14.9395,4.6395,0.0,0.0
2022-05-04 22:00:00+00:00,7.7395,6.4395,0.4344488,0.18326771
2022-05-05 22:00:00+00:00,12.639501,6.2395,0.0,0.0
2022-05-06 22:00:00+00:00,14.2395,5.7395,0.0,0.0
2022-05-07 22:00:00+00:00,16.6395,6.1394997,0.03937008,0.004409449
2022-05-08 22:00:00+00:00,17.8395,6.5395,0.0,0.05374016
2022-05-09 22:00:00+00:00,20.1395,8.3395,0.0,0.0
2022-05-10 22:00:00+00:00,22.339499,9.9395,0.0,0.0
2022-05-11 22:00:00+00:00,22.7395,11.8395,0.0,0.0
2022-05-12 22:00:00+00:00,20.2395,12.0395,0.0,0.0
2022-05-13 22:00:00+00:00,22.0395,10.7395,0.0,0.0
2022-05-14 22:00:00+00:00,23.939499,11.6395,0.53149605,0.0
2022-05-15 22:00:00+00:00,18.0395,11.4395,0.0,0.0
2022-05-16 22:00:00+00:00,23.5395,10.4395,0.0,0.0
2022-05-17 22:00:00+00:00,25.839499,12.5395,0.0,0.0
2022-05-18 22:00:00+00:00,24.2395,13.8395,0.0,0.0
2022-05-19 22:00:00+00:00,27.439499,14.139501,0.0,0.0
2022-05-20 22:00:00+00:00,25.339499,14.0395,0.0,0.0
2022-05-21 22:00:00+00:00,27.0395,15.0395,0.027559057,0.0
2022-05-22 22:00:00+00:00,24.7395,13.7395,0.3385827,0.0
2022-05-23 22:00:00+00:00,13.4395,9.8395,0.22834642,0.0
2022-05-24 22:00:00+00:00,17.5395,8.5395,0.015748031,0.0
2022-05-25 22:00:00+00:00,20.6395,7.3395,0.0,0.0
2022-05-26 22:00:00+00:00,22.0395,9.7395,0.0,0.0
2022-05-27 22:00:00+00:00,19.439499,7.5395,0.0,0.0
2022-05-28 22:00:00+00:00,15.3395,5.0395,0.0,0.0
2022-05-29 22:00:00+00:00,17.439499,6.9395,0.0,0.0
2022-05-30 22:00:00+00:00,15.7395,9.4395,0.4015748,0.0
2022-05-31 22:00:00+00:00,18.2395,9.9395,0.15354331,0.0
2022-06-01 22:00:00+00:00,23.439499,10.6395,0.09448818,0.0
2022-06-02 22:00:00+00:00,21.7395,14.0395,0.027559053,0.0
2022-06-03 22:00:00+00:00,27.0395,13.8395,0.0,0.0
2022-06-04 22:00:00+00:00,19.439499,12.5395,0.011811026,0.0
2022-06-05 22:00:00+00:00,22.2395,10.9395,0.0,0.0
2022-06-06 22:00:00+00:00,17.439499,9.1395,0.003937008,0.0
2022-06-07 22:00:00+00:00,18.6395,8.0395,0.01574803,0.0
2022-06-08 22:00:00+00:00,12.7395,6.2395,0.0,0.0
2022-06-09 22:00:00+00:00,20.439499,4.3395,0.0,0.0
2022-06-10 22:00:00+00:00,24.7395,9.4395,0.0,0.0
2022-06-11 22:00:00+00:00,26.5395,13.639501,0.0,0.0
2022-06-12 22:00:00+00:00,21.939499,13.2395,0.0,0.0
2022-06-13 22:00:00+00:00,26.6395,12.2395,0.0,0.0
2022-06-14 22:00:00+00:00,28.0395,15.4895,0.01968504,0.0
2022-06-15 22:00:00+00:00,26.839499,14.9895,0.0,0.0
2022-06-16 22:00:00+00:00,28.2395,15.0895,0.0,0.0
2022-06-17 22:00:00+00:00,30.5395,17.0395,0.062992126,0.0
2022-06-18 22:00:00+00:00,30.2395,15.5395,0.003937008,0.0
2022-06-19 22:00:00+00:00,28.0395,16.6395,0.0,0.0
2022-06-20 22:00:00+00:00,28.939499,15.9395,0.08267716,0.0
2022-06-21 22:00:00+00:00,25.839499,14.639501,0.14566928,0.0
2022-06-22 22:00:00+00:00,26.0395,13.5395,0.0511811,0.0
2022-06-23 22:00:00+00:00,19.2395,10.9395,0.6653544,0.0
2022-06-24 22:00:00+00:00,22.839499,9.8395,0.0,0.0
2022-06-25 22:00:00+00:00,27.439499,12.7395,0.0,0.0
2022-06-26 22:00:00+00:00,21.0395,13.4395,0.003937009,0.0
2022-06-27 22:00:00+00:00,23.939499,13.639501,0.023622043,0.0
2022-06-28 22:00:00+00:00,23.439499,11.8395,0.0,0.0
2022-06-29 22:00:00+00:00,26.1395,14.0395,0.17322834,0.0
2022-06-30 22:00:00+00:00,16.439499,10.1395,0.27952754,0.0
2022-07-01 22:00:00+00:00,25.839499,9.7395,0.0,0.0
2022-07-02 22:00:00+00:00,28.339499,16.5395,0.0,0.0
2022-07-03 22:00:00+00:00,25.439499,14.9395,0.0039370083,0.0
2022-07-04 22:00:00+00:00,21.939499,12.9395,0.0,0.0
2022-07-05 22:00:00+00:00,22.939499,11.4395,0.0,0.0
2022-07-06 22:00:00+00:00,22.5395,11.2395,0.0,0.0
2022-07-07 22:00:00+00:00,23.6395,11.0395,0.0,0.0
2022-07-08 22:00:00+00:00,24.2395,11.6395,0.0,0.0
2022-07-09 22:00:00+00:00,24.339499,11.6395,0.0,0.0
2022-07-10 22:00:00+00:00,25.6395,12.9395,0.0,0.0
2022-07-11 22:00:00+00:00,25.2395,13.7395,0.0,0.0
2022-07-12 22:00:00+00:00,27.5395,14.639501,0.0,0.0
2022-07-13 22:00:00+00:00,28.439499,16.8395,0.0,0.0
2022-07-14 22:00:00+00:00,27.0395,16.0395,0.0,0.0
2022-07-15 22:00:00+00:00,27.2395,14.9395,0.0,0.0
2022-07-16 22:00:00+00:00,28.7395,14.8395,0.0,0.0
2022-07-17 22:00:00+00:00,30.439499,16.5395,0.0,0.0
2022-07-18 22:00:00+00:00,31.1395,18.6395,0.0,0.0
2022-07-19 22:00:00+00:00,27.439499,16.8395,0.511811,0.0
2022-07-20 22:00:00+00:00,26.7395,14.4395,0.0,0.0
2022-07-21 22:00:00+00:00,29.6395,16.8395,0.0,0.0
2022-07-22 22:00:00+00:00,25.0395,16.2395,0.0,0.0
2022-07-23 22:00:00+00:00,29.0395,15.3395,0.0,0.0
2022-07-24 22:00:00+00:00,30.2395,16.3395,0.047244098,0.0
2022-07-25 22:00:00+00:00,19.939499,14.639501,0.007874016,0.0
2022-07-26 22:00:00+00:00,24.2395,11.9395,0.0,0.0
2022-07-27 22:00:00+00:00,24.0395,13.7395,0.0,0.0
2022-07-28 22:00:00+00:00,21.339499,14.139501,0.019685041,0.0
2022-07-29 22:00:00+00:00,23.1395,11.3395,0.0,0.0
2022-07-30 22:00:00+00:00,25.6395,12.639501,0.0,0.0
2022-07-31 22:00:00+00:00,26.7395,14.2395,0.0,0.0
2022-08-01 22:00:00+00:00,27.5395,14.389501,0.0,0.0
2022-08-02 22:00:00+00:00,28.839499,16.8395,0.0,0.0
2022-08-03 22:00:00+00:00,29.1395,18.439499,0.0,0.0
2022-08-04 22:00:00+00:00,28.2395,15.9395,0.27559054,0.0
2022-08-05 22:00:00+00:00,25.439499,14.7395,0.0,0.0
2022-08-06 22:00:00+00:00,23.7395,14.0395,0.0,0.0
2022-08-07 22:00:00+00:00,25.839499,12.9395,0.0,0.0
2022-08-08 22:00:00+00:00,26.939499,15.2395,0.0,0.0
2022-08-09 22:00:00+00:00,26.6395,16.0395,0.0,0.0
2022-08-10 22:00:00+00:00,27.1395,15.639501,0.0,0.0
2022-08-11 22:00:00+00:00,26.7395,15.8395,0.0,0.0
2022-08-12 22:00:00+00:00,26.1395,14.9395,0.0,0.0
2022-08-13 22:00:00+00:00,23.439499,13.2395,0.0,0.0
2022-08-14 22:00:00+00:00,22.839499,12.139501,0.0,0.0
2022-08-15 22:00:00+00:00,26.0395,12.2395,0.0,0.0
2022-08-16 22:00:00+00:00,24.1395,13.0395,0.27165356,0.0
2022-08-17 22:00:00+00:00,18.8395,12.7395,0.66141737,0.0
2022-08-18 22:00:00+00:00,17.0395,13.5395,0.52755904,0.0
2022-08-19 22:00:00+00:00,19.0395,11.1395,0.003937008,0.0
2022-08-20 22:00:00+00:00,23.0395,11.5395,0.0,0.0
2022-08-21 22:00:00+00:00,23.0395,11.3395,0.0,0.0
2022-08-22 22:00:00+00:00,24.6395,11.7395,0.0,0.0
2022-08-23 22:00:00+00:00,25.2395,14.4395,0.0,0.0
2022-08-24 22:00:00+00:00,26.5395,15.2395,0.0,0.0
2022-08-25 22:00:00+00:00,22.939499,13.4395,0.007874017,0.0
2022-08-26 22:00:00+00:00,23.6395,12.0395,0.0,0.0
2022-08-27 22:00:00+00:00,24.839499,12.2395,0.0,0.0
2022-08-28 22:00:00+00:00,25.5395,12.7395,0.0,0.0
2022-08-29 22:00:00+00:00,23.439499,15.0395,0.64173234,0.0
2022-08-30 22:00:00+00:00,21.1395,11.9395,0.0,0.0
2022-08-31 22:00:00+00:00,22.5395,11.3395,0.0,0.0
2022-09-01 22:00:00+00:00,23.5395,11.9395,0.13385826,0.0
2022-09-02 22:00:00+00:00,22.1395,11.9395,0.0,0.0
2022-09-03 22:00:00+00:00,23.2395,12.2395,0.0,0.0
2022-09-04 22:00:00+00:00,25.5395,14.139501,0.055118114,0.0
2022-09-05 22:00:00+00:00,26.0395,14.139501,0.0,0.0
2022-09-06 22:00:00+00:00,24.5395,13.8395,0.0,0.0
2022-09-07 22:00:00+00:00,20.0395,10.4395,0.42913386,0.0
2022-09-08 22:00:00+00:00,18.439499,9.8395,0.0,0.0
2022-09-09 22:00:00+00:00,18.5395,8.2395,0.0,0.0
2022-09-10 22:00:00+00:00,21.2395,7.4395,0.0,0.0
2022-09-11 22:00:00+00:00,24.939499,11.2395,0.0,0.0
2022-09-12 22:00:00+00:00,26.839499,15.7395,0.0,0.0
2022-09-13 22:00:00+00:00,21.939499,13.9395,0.062992126,0.0
2022-09-14 22:00:00+00:00,19.439499,12.139501,0.09448818,0.0
2022-09-15 22:00:00+00:00,15.0395,9.7395,0.023622049,0.0
2022-09-16 22:00:00+00:00,12.0395,3.1395001,0.17980316,0.5241732
2022-09-17 22:00:00+00:00,16.6395,2.4394999,0.0,0.0
2022-09-18 22:00:00+00:00,15.7395,4.7395,0.0,0.0
2022-09-19 22:00:00+00:00,16.6395,4.5395,0.0,0.0
2022-09-20 22:00:00+00:00,17.5395,5.6395,0.0,0.0
2022-09-21 22:00:00+00:00,18.3395,6.1394997,0.0,0.0
2022-09-22 22:00:00+00:00,18.1395,7.8395004,0.0,0.0
2022-09-23 22:00:00+00:00,12.2395,8.4395,0.5826771,0.0
2022-09-24 22:00:00+00:00,10.5395,7.1394997,0.65338576,0.3009449
2022-09-25 22:00:00+00:00,11.7395,6.5395,0.026929135,0.038307086
2022-09-26 22:00:00+00:00,9.9395,5.8395,0.14929132,0.1253937
2022-09-27 22:00:00+00:00,10.1395,5.6395,1.9633858,0.28385827
2022-09-28 22:00:00+00:00,7.8395004,6.1394997,0.20354329,0.035826772
2022-09-29 22:00:00+00:00,10.0395,5.4395,0.003937008,0.0
2022-09-30 22:00:00+00:00,11.3395,5.5395,0.8924409,0.008818898
2022-10-01 22:00:00+00:00,19.0395,10.6395,0.039370082,0.0
2022-10-02 22:00:00+00:00,18.439499,8.4395,0.0,0.0
2022-10-03 22:00:00+00:00,20.7395,9.0395,0.0,0.0
2022-10-04 22:00:00+00:00,21.5395,11.5395,0.0,0.0
2022-10-05 22:00:00+00:00,19.439499,10.3895,0.0,0.0
2022-10-06 22:00:00+00:00,19.0395,10.7895,0.0,0.0
2022-10-07 22:00:00+00:00,12.7895,9.7895,0.3188976,0.0
2022-10-08 22:00:00+00:00,16.7395,9.1395,0.0,0.0
2022-10-09 22:00:00+00:00,17.439499,8.8395,0.0,0.0
2022-10-10 22:00:00+00:00,17.939499,9.3395,0.0,0.0
2022-10-11 22:00:00+00:00,16.1395,9.4395,0.0,0.0
2022-10-12 22:00:00+00:00,15.389501,8.3395,0.0,0.0
2022-10-13 22:00:00+00:00,13.5895,8.6395,0.18110237,0.0
2022-10-14 22:00:00+00:00,19.3395,9.2395,0.003937008,0.0
2022-10-15 22:00:00+00:00,20.839499,11.3395,0.0,0.0
2022-10-16 22:00:00+00:00,22.189499,11.4395,0.0,0.0
2022-10-17 22:00:00+00:00,20.9895,12.4395,0.0,0.0
2022-10-18 22:00:00+00:00,21.4895,11.9395,0.0,0.0
2022-10-19 22:00:00+00:00,21.7895,13.3395,0.32283467,0.0
2022-10-20 22:00:00+00:00,14.0895,12.139501,0.7401575,0.0
2022-10-21 22:00:00+00:00,17.5395,9.9395,0.95275587,0.0
2022-10-22 22:00:00+00:00,21.8895,11.2395,0.007874017,0.0
2022-10-23 22:00:00+00:00,13.7395,9.9895,1.2007874,0.0
2022-10-24 22:00:00+00:00,17.189499,9.0395,0.0,0.0
2022-10-25 22:00:00+00:00,19.1395,11.4895,0.08661418,0.0
2022-10-26 22:00:00+00:00,21.2395,12.8395,0.0,0.0
2022-10-27 22:00:00+00:00,23.189499,14.0895,0.0,0.0
2022-10-28 22:00:00+00:00,22.8895,14.3395,0.0,0.0
2022-10-29 22:00:00+00:00,20.589499,12.889501,0.0,0.0
2022-10-30 22:00:00+00:00,19.839499,11.4895,0.0,0.0
2022-10-31 22:00:00+00:00,13.9895,8.5895,0.122047246,0.0
2022-11-01 22:00:00+00:00,13.0895,7.2395,0.0,0.0
2022-11-02 22:00:00+00:00,13.9395,6.7895,0.4551968,0.06559055
2022-11-03 22:00:00+00:00,6.6895,-0.4104998,0.24803151,5.6523633
2022-11-04 22:00:00+00:00,4.7895,-1.3605001,0.010551182,0.7124015
2022-11-05 22:00:00+00:00,14.2395,-1.0604999,0.0,0.0
2022-11-06 22:00:00+00:00,13.6895,5.4895,0.0,0.0
2022-11-07 22:00:00+00:00,15.4895,8.5895,0.0,0.0
2022-11-08 22:00:00+00:00,9.7895,6.9395,1.0866141,0.0
2022-11-09 22:00:00+00:00,11.7895,6.3395,0.007874016,0.0
2022-11-10 22:00:00+00:00,15.889501,6.3894997,0.0,0.0
2022-11-11 22:00:00+00:00,16.7395,8.1395,0.0,0.0
2022-11-12 22:00:00+00:00,14.5395,6.5965004,0.0,0.0
2022-11-13 22:00:00+00:00,10.2965,5.3964996,0.04330709,0.0
2022-11-14 22:00:00+00:00,10.9465,6.0965004,0.0,0.0
2022-11-15 22:00:00+00:00,8.7465,4.0465,0.29133856,0.0
2022-11-16 22:00:00+00:00,10.5965,6.4965,0.14566928,0.0
2022-11-17 22:00:00+00:00,6.5965004,2.2965,0.40551183,0.0
2022-11-18 22:00:00+00:00,5.0465,-0.55350006,0.0,0.0
2022-11-19 22:00:00+00:00,3.6965,-2.2035,0.023622047,0.0
2022-11-20 22:00:00+00:00,8.0965,1.4965,0.011811024,0.0
2022-11-21 22:00:00+00:00,3.6965,0.5965,0.37795275,0.0
2022-11-22 22:00:00+00:00,4.8964996,-0.6035,0.14960632,0.0
2022-11-23 22:00:00+00:00,6.7465,1.6965,0.0,0.0
2022-11-24 22:00:00+00:00,7.5465,2.2965,0.03543307,0.0
2022-11-25 22:00:00+00:00,7.5965004,1.7465,0.0,0.0
2022-11-26 22:00:00+00:00,6.4965,2.0965,0.0,0.0
2022-11-27 22:00:00+00:00,6.3964996,0.99649996,0.003937008,0.0
2022-11-28 22:00:00+00:00,2.3965,0.49649996,0.06692913,0.0
2022-11-29 22:00:00+00:00,2.7465,-1.3034999,0.0,0.0
2022-11-30 22:00:00+00:00,1.6465,-2.0035,0.0,0.0
2022-12-01 22:00:00+00:00,2.6964998,-1.8535001,0.0,0.0
2022-12-02 22:00:00+00:00,5.1464996,0.34649998,0.0,0.0
2022-12-03 22:00:00+00:00,6.7465,-0.053500056,0.0,0.0
2022-12-04 22:00:00+00:00,3.0965,-0.10350001,0.05905512,0.08267717
2022-12-05 22:00:00+00:00,4.7465,0.29649997,0.0,0.0
2022-12-06 22:00:00+00:00,2.3465,-1.9535,0.0,0.0
2022-12-07 22:00:00+00:00,3.7465,-2.3535001,0.0,0.0
2022-12-08 22:00:00+00:00,3.4465,1.0465,0.66535425,0.0
2022-12-09 22:00:00+00:00,1.9965,-4.1534996,0.039370075,0.05511811
2022-12-10 22:00:00+00:00,-0.30350006,-8.1535,0.0,0.027559055
2022-12-11 22:00:00+00:00,-1.6035001,-8.5535,0.0,0.0
2022-12-12 22:00:00+00:00,3.6464999,-2.1035001,0.08267717,0.13779527
2022-12-13 22:00:00+00:00,5.7965,1.2465,0.122047246,0.0
2022-12-14 22:00:00+00:00,6.0465,2.0465,0.0118110245,0.0
2022-12-15 22:00:00+00:00,3.4965,0.24649996,0.118110225,0.0
2022-12-16 22:00:00+00:00,0.24649996,-3.0035002,0.0,0.0
2022-12-17 22:00:00+00:00,6.1965,-1.3034999,0.0,0.0
2022-12-18 22:00:00+00:00,8.0965,4.0965,0.0,0.0
2022-12-19 22:00:00+00:00,9.396501,4.1464996,0.0,0.0
2022-12-20 22:00:00+00:00,7.6965,4.5465,0.13385826,0.0
2022-12-21 22:00:00+00:00,7.1965,3.8964999,0.10236221,0.0
2022-12-22 22:00:00+00:00,9.0965,5.6965,1.9724411,0.0
2022-12-23 22:00:00+00:00,9.8465,6.2965,0.39763778,0.0
2022-12-24 22:00:00+00:00,13.646501,7.1464996,0.0,0.0
2022-12-25 22:00:00+00:00,9.0965,3.9465,0.24409448,0.0
2022-12-26 22:00:00+00:00,6.0465,1.6465,0.007874016,0.0
2022-12-27 22:00:00+00:00,5.8465004,1.3965,0.0,0.0
2022-12-28 22:00:00+00:00,8.1965,2.7465,0.023622047,0.0
2022-12-29 22:00:00+00:00,8.4965,2.9464998,0.2559055,0.0
2022-12-30 22:00:00+00:00,15.146501,7.8465004,0.17322835,0.0
2022-12-31 22:00:00+00:00,15.4965,9.9965,0.0,0.0
2023-01-01 22:00:00+00:00,13.4965,7.0965004,0.003937008,0.0
2023-01-02 22:00:00+00:00,6.6464996,4.1464996,0.098425195,0.0
2023-01-03 22:00:00+00:00,6.4465,1.8965,0.0,0.0
2023-01-04 22:00:00+00:00,7.3465004,2.9965,0.015748031,0.0
2023-01-05 22:00:00+00:00,10.0965,3.4465,0.0,0.0
2023-01-06 22:00:00+00:00,10.0965,3.6464999,0.0,0.0
2023-01-07 22:00:00+00:00,6.8964996,4.0965,0.08267717,0.0
2023-01-08 22:00:00+00:00,5.0465,-0.5035,0.15748033,0.22047246
2023-01-09 22:00:00+00:00,3.7465,-1.6535001,0.0,0.7716535
2023-01-10 22:00:00+00:00,4.2965,-3.1035001,0.18503937,0.0
2023-01-11 22:00:00+00:00,6.7465,-1.8535001,0.0,0.0
2023-01-12 22:00:00+00:00,4.8964996,-0.6035,0.08661418,0.0
2023-01-13 22:00:00+00:00,7.8465004,2.3965,0.0,0.0
2023-01-14 22:00:00+00:00,7.2965,-1.6035001,0.37007874,0.5511811
2023-01-15 22:00:00+00:00,1.2465,-3.7535002,0.04330709,0.33070862
2023-01-16 22:00:00+00:00,0.54649997,-3.4535,0.09448819,0.46850395
2023-01-17 22:00:00+00:00,-1.0534999,-5.9535,0.0,1.8464565
2023-01-18 22:00:00+00:00,-4.0035,-13.1535,0.0,0.027559055
2023-01-19 22:00:00+00:00,-4.7535,-15.903501,0.0,0.0
2023-01-20 22:00:00+00:00,-3.9535,-9.8035,0.0,0.0
2023-01-21 22:00:00+00:00,-4.1035004,-16.053501,0.0,0.0
2023-01-22 22:00:00+00:00,-2.3535001,-14.5535,0.0,0.0
2023-01-23 22:00:00+00:00,3.6464999,-6.5035,0.0,0.0
2023-01-24 22:00:00+00:00,3.4465,-9.7035,0.0,0.0
2023-01-25 22:00:00+00:00,-2.0535,-11.4535,0.0,0.0
2023-01-26 22:00:00+00:00,-3.3535001,-14.1535,0.0,0.0
2023-01-27 22:00:00+00:00,-2.2535,-11.7535,0.0,0.0
2023-01-28 22:00:00+00:00,-1.0035,-12.1535,0.0,0.0
2023-01-29 22:00:00+00:00,0.14649999,-7.3035,0.0,0.0
2023-01-30 22:00:00+00:00,2.7965,-6.8535004,0.0,0.0
2023-01-31 22:00:00+00:00,2.4464998,-2.4535,0.0,0.0
2023-02-01 22:00:00+00:00,1.1965,-3.8035,0.0,0.0
2023-02-02 22:00:00+00:00,6.5965004,-3.9535,0.0,0.0
2023-02-03 22:00:00+00:00,8.7965,0.6465,0.0,0.0
2023-02-04 22:00:00+00:00,1.7965,-2.2035,0.0118110245,0.0
2023-02-05 22:00:00+00:00,1.8965,-5.4535,0.0,0.0
2023-02-06 22:00:00+00:00,2.1964998,-6.4535,0.0,0.0
2023-02-07 22:00:00+00:00,0.3965,-9.353499,0.0,0.0
2023-02-08 22:00:00+00:00,-0.6535001,-10.0535,0.0,0.0
2023-02-09 22:00:00+00:00,2.9965,-8.4535,0.0,0.0
2023-02-10 22:00:00+00:00,6.3964996,-3.5035002,0.0,0.0
2023-02-11 22:00:00+00:00,8.4465,-1.7535,0.0,0.0
2023-02-12 22:00:00+00:00,10.2465,3.0965,0.0,0.0
2023-02-13 22:00:00+00:00,10.7965,1.4465,0.0,0.0
2023-02-14 22:00:00+00:00,12.396501,3.7465,0.0,0.0
2023-02-15 22:00:00+00:00,11.146501,2.9965,0.0,0.0
2023-02-16 22:00:00+00:00,10.5965,3.7965,0.0,0.0
2023-02-17 22:00:00+00:00,12.2965,1.2965,0.0,0.0
2023-02-18 22:00:00+00:00,12.8465,4.5465,0.0,0.0
2023-02-19 22:00:00+00:00,15.396501,0.44649994,0.0,0.0
2023-02-20 22:00:00+00:00,14.1965,4.2465,0.0,0.0
2023-02-21 22:00:00+00:00,9.396501,3.9965,0.062992126,0.0
2023-02-22 22:00:00+00:00,9.9465,3.0965,0.003937008,0.0
2023-02-23 22:00:00+00:00,12.2965,4.7965,0.0,0.0
2023-02-24 22:00:00+00:00,7.2965,1.6965,0.0,0.0
2023-02-25 22:00:00+00:00,1.5964999,-3.0535,0.003937008,0.11023622
2023-02-26 22:00:00+00:00,2.4965,-4.8535004,0.0,0.0
2023-02-27 22:00:00+00:00,5.0465,-3.5535,0.0,0.0
2023-02-28 22:00:00+00:00,4.5465,-5.4034996,0.0,0.0
2023-03-01 22:00:00+00:00,4.9465,-1.8034999,0.0,0.0
2023-03-02 22:00:00+00:00,6.3964996,-0.80350006,0.0,0.0
2023-03-03 22:00:00+00:00,6.1464996,-3.7035,0.0,0.0
2023-03-04 22:00:00+00:00,7.5965004,-2.4035,0.0,0.0
2023-03-05 22:00:00+00:00,7.0965004,-1.1535001,0.0,0.0
2023-03-06 22:00:00+00:00,7.3964996,-3.1035001,0.03937008,0.0
2023-03-07 22:00:00+00:00,6.5465,-0.6035,0.17716536,0.0
2023-03-08 22:00:00+00:00,11.3465,4.9465,0.47244096,0.0
2023-03-09 22:00:00+00:00,6.1965,1.7465,0.33464563,0.0
2023-03-10 22:00:00+00:00,6.5465,1.4465,0.7007874,0.0
2023-03-11 22:00:00+00:00,11.0465,3.7465,0.2086614,0.0
2023-03-12 22:00:00+00:00,19.196499,4.9465,0.015748031,0.0
2023-03-13 22:00:00+00:00,9.7465,0.49649996,0.88188976,0.0
2023-03-14 22:00:00+00:00,6.0465,-1.6535001,0.011811024,0.16535434
2023-03-15 22:00:00+00:00,10.646501,-3.5535,0.0,0.0
2023-03-16 22:00:00+00:00,15.4965,7.0965004,0.0,0.0
2023-03-17 22:00:00+00:00,13.2465,5.0965004,0.0,0.0
2023-03-18 22:00:00+00:00,7.0965004,3.8465,0.29527557,0.0
2023-03-19 22:00:00+00:00,10.8465,1.3965,0.09055118,0.16535434
2023-03-20 22:00:00+00:00,13.3465,3.4465,0.0,0.0
2023-03-21 22:00:00+00:00,15.6965,5.3964996,0.0,0.0
2023-03-22 22:00:00+00:00,15.146501,7.8964996,0.12204725,0.0
2023-03-23 22:00:00+00:00,11.7965,6.8964996,0.8425197,0.0
2023-03-24 22:00:00+00:00,6.4465,3.6965,0.14173228,0.05511811
2023-03-25 22:00:00+00:00,6.0965004,2.6465,0.32283464,0.16535433
2023-03-26 22:00:00+00:00,1.8965,-1.8034999,0.0,1.9291338
2023-03-27 22:00:00+00:00,7.4965,-2.9035,0.0,0.0
2023-03-28 22:00:00+00:00,13.4965,5.8964996,0.2480315,0.0
2023-03-29 22:00:00+00:00,11.7965,7.7965,0.04724409,0.0
2023-03-30 22:00:00+00:00,9.0465,2.6465,1.0748031,0.11023623
2023-03-31 22:00:00+00:00,5.8964996,1.0964999,0.07086614,2.3700786
2023-04-01 22:00:00+00:00,6.4465,0.74649996,0.0,0.11023623
2023-04-02 22:00:00+00:00,9.4465,0.69649994,0.0,0.0
2023-04-03 22:00:00+00:00,7.2465,-2.9035,0.0,0.0
2023-04-04 22:00:00+00:00,7.1464996,-1.1535001,0.0,0.0
2023-04-05 22:00:00+00:00,9.396501,-0.30350006,0.0,0.0
2023-04-06 22:00:00+00:00,5.1965,1.0964999,0.0118110245,1.4881889
2023-04-07 22:00:00+00:00,10.5965,-1.3535001,0.0,0.0
2023-04-08 22:00:00+00:00,13.0465,-0.30350006,0.0,0.0
2023-04-09 22:00:00+00:00,13.4965,3.4965,0.007874016,0.0
2023-04-10 22:00:00+00:00,8.9465,6.4465,0.27559054,0.0
2023-04-11 22:00:00+00:00,12.9465,3.5465,0.66141737,0.0
2023-04-12 22:00:00+00:00,3.5965,0.046499968,0.06692913,1.1574802
2023-04-13 22:00:00+00:00,8.2965,0.3965,0.007874016,0.0
2023-04-14 22:00:00+00:00,4.9465,1.3464999,0.24803147,1.5708661
2023-04-15 22:00:00+00:00,9.2465,2.9464998,0.0,0.0
2023-04-16 22:00:00+00:00,10.4965,0.3965,0.023622049,0.0
2023-04-17 22:00:00+00:00,13.5965,4.0465,0.0,0.0
2023-04-18 22:00:00+00:00,14.2965,5.3964996,0.0118110245,0.0
2023-04-19 22:00:00+00:00,8.4465,1.4465,0.32283464,1.1299212
2023-04-20 22:00:00+00:00,12.8465,4.1965,0.007874016,0.0
2023-04-21 22:00:00+00:00,14.7965,8.2465,0.023622047,0.0
2023-04-22 22:00:00+00:00,14.5465,6.1464996,0.88582677,0.0
2023-04-23 22:00:00+00:00,10.7965,5.2465,0.06692913,0.0
2023-04-24 22:00:00+00:00,8.1465,3.4965,0.14173228,0.0
2023-04-25 22:00:00+00:00,14.1965,-0.10350001,0.0,0.0
2023-04-26 22:00:00+00:00,16.3465,7.1965,0.0,0.0
2023-04-27 22:00:00+00:00,18.946499,10.896501,0.11023622,0.0
2023-04-28 22:00:00+00:00,13.5465,10.1965,1.3031496,0.0
2023-04-29 22:00:00+00:00,13.0465,7.5965004,0.27559054,0.0
2023-04-30 22:00:00+00:00,10.0465,6.3465004,0.49212596,0.0
2023-05-01 22:00:00+00:00,15.896501,5.2465,0.011811024,0.0
2023-05-02 22:00:00+00:00,18.4965,1.9465,0.0,0.0
2023-05-03 22:00:00+00:00,20.096498,9.2465,0.0,0.0
2023-05-04 22:00:00+00:00,21.196499,11.646501,0.0,0.0
2023-05-05 22:00:00+00:00,20.846498,10.896501,0.0,0.0
2023-05-06 22:00:00+00:00,16.0965,10.3465,0.36220473,0.0
2023-05-07 22:00:00+00:00,16.446499,9.0965,0.027559057,0.0
2023-05-08 22:00:00+00:00,16.7465,9.396501,0.91338587,0.0
2023-05-09 22:00:00+00:00,10.4965,6.7965,0.7125984,0.0
2023-05-10 22:00:00+00:00,10.5465,4.1464996,0.1023622,0.0
2023-05-11 22:00:00+00:00,12.0465,5.7465,0.070866145,0.0
2023-05-12 22:00:00+00:00,12.7965,6.7965,0.05905512,0.0
2023-05-13 22:00:00+00:00,11.6965,6.6464996,0.20472442,0.0
2023-05-14 22:00:00+00:00,13.2465,6.6464996,0.0,0.0
2023-05-15 22:00:00+00:00,12.4465,6.6464996,0.0,0.0
2023-05-16 22:00:00+00:00,11.4465,4.2965,0.0,0.0
2023-05-17 22:00:00+00:00,12.1965,3.2965,0.18897638,0.0
2023-05-18 22:00:00+00:00,14.0465,4.9465,0.0,0.0
2023-05-19 22:00:00+00:00,15.0465,5.0965004,0.0,0.0
2023-05-20 22:00:00+00:00,18.2965,7.2965,0.0,0.0
2023-05-21 22:00:00+00:00,20.6465,9.8465,0.0,0.0
2023-05-22 22:00:00+00:00,21.446499,10.5965,0.027559055,0.0
2023-05-23 22:00:00+00:00,16.5465,10.4465,0.15748033,0.0
2023-05-24 22:00:00+00:00,18.2965,7.7965,0.07874016,0.0
2023-05-25 22:00:00+00:00,21.696499,10.146501,0.0,0.0
2023-05-26 22:00:00+00:00,22.946499,12.396501,0.0,0.0
2023-05-27 22:00:00+00:00,21.2465,12.3465,0.36614177,0.0
2023-05-28 22:00:00+00:00,20.9965,11.646501,0.0,0.0
2023-05-29 22:00:00+00:00,20.3965,12.2465,0.17716536,0.0
2023-05-30 22:00:00+00:00,19.2965,11.2965,0.0,0.0
2023-05-31 22:00:00+00:00,20.7965,9.9965,0.0,0.0
2023-06-01 22:00:00+00:00,20.2965,12.4465,0.023622049,0.0
2023-06-02 22:00:00+00:00,20.696499,11.146501,0.69685036,0.0
2023-06-03 22:00:00+00:00,19.9965,11.7965,0.9133858,0.0
2023-06-04 22:00:00+00:00,19.846498,10.0965,0.31496063,0.0
2023-06-05 22:00:00+00:00,21.446499,11.1965,0.0,0.0
2023-06-06 22:00:00+00:00,21.3965,11.3465,0.047244094,0.0
2023-06-07 22:00:00+00:00,20.8965,13.0465,0.08267717,0.0
2023-06-08 22:00:00+00:00,20.8965,12.6965,0.031496063,0.0
2023-06-09 22:00:00+00:00,19.446499,13.146501,0.06692913,0.0
2023-06-10 22:00:00+00:00,22.7465,13.4465,0.0,0.0
2023-06-11 22:00:00+00:00,22.596498,12.9965,0.2559055,0.0
2023-06-12 22:00:00+00:00,18.8965,13.3465,0.011811024,0.0
2023-06-13 22:00:00+00:00,19.5465,12.396501,0.007874016,0.0
2023-06-14 22:00:00+00:00,20.596498,10.7965,0.0,0.0
2023-06-15 22:00:00+00:00,20.7465,12.2965,0.0,0.0
2023-06-16 22:00:00+00:00,23.4965,11.8465,0.0,0.0
2023-06-17 22:00:00+00:00,23.4965,13.9465,0.0,0.0
2023-06-18 22:00:00+00:00,24.596498,15.9465,0.13385826,0.0
2023-06-19 22:00:00+00:00,26.346498,17.8965,0.0,0.0
2023-06-20 22:00:00+00:00,25.946499,16.946499,0.0118110245,0.0
2023-06-21 22:00:00+00:00,23.8965,13.896501,1.3543307,0.0
2023-06-22 22:00:00+00:00,20.846498,12.646501,0.30708662,0.0
2023-06-23 22:00:00+00:00,24.7965,12.646501,0.0,0.0
2023-06-24 22:00:00+00:00,26.446499,14.5965,0.0,0.0
2023-06-25 22:00:00+00:00,26.346498,15.396501,0.0,0.0
2023-06-26 22:00:00+00:00,22.9965,14.9965,0.0,0.0
2023-06-27 22:00:00+00:00,23.596498,11.5965,0.0,0.0
2023-06-28 22:00:00+00:00,21.5465,13.2465,0.14566928,0.0
2023-06-29 22:00:00+00:00,15.2965,11.396501,0.43700787,0.0
2023-06-30 22:00:00+00:00,16.7465,9.8465,0.023622047,0.0
2023-07-01 22:00:00+00:00,19.696499,12.4465,0.04330709,0.0
2023-07-02 22:00:00+00:00,21.9965,12.4465,0.0,0.0
2023-07-03 22:00:00+00:00,22.596498,12.6965,0.0,0.0
2023-07-04 22:00:00+00:00,19.0465,14.0465,0.14960632,0.0
2023-07-05 22:00:00+00:00,22.8965,13.146501,0.0118110245,0.0
2023-07-06 22:00:00+00:00,25.7965,14.1965,0.0,0.0
2023-07-07 22:00:00+00:00,27.096498,17.2465,0.0,0.0
2023-07-08 22:00:00+00:00,29.846498,16.2465,0.0,0.0
2023-07-09 22:00:00+00:00,29.3965,19.1465,0.0,0.0
2023-07-10 22:00:00+00:00,32.9465,18.9965,0.0,0.0
2023-07-11 22:00:00+00:00,24.946499,17.6465,0.39370078,0.0
2023-07-12 22:00:00+00:00,19.4965,14.5965,0.48425198,0.0
2023-07-13 22:00:00+00:00,25.6465,13.396501,0.0,0.0
2023-07-14 22:00:00+00:00,28.196499,16.2965,0.0,0.0
2023-07-15 22:00:00+00:00,24.5465,16.5965,0.0,0.0
2023-07-16 22:00:00+00:00,26.2465,16.1465,0.0,0.0
2023-07-17 22:00:00+00:00,30.2965,19.3965,0.0,0.0
2023-07-18 22:00:00+00:00,25.4965,18.096498,0.0,0.0
2023-07-19 22:00:00+00:00,25.346498,13.5965,0.0,0.0
2023-07-20 22:00:00+00:00,22.1465,15.396501,0.0,0.0
2023-07-21 22:00:00+00:00,22.6465,13.1965,0.0,0.0
2023-07-22 22:00:00+00:00,26.096498,12.9465,0.0,0.0
2023-07-23 22:00:00+00:00,20.596498,16.2965,1.4133859,0.0
2023-07-24 22:00:00+00:00,15.5965,10.5465,0.58661413,0.0
2023-07-25 22:00:00+00:00,15.646501,8.4965,0.05905512,0.0
2023-07-26 22:00:00+00:00,23.6465,8.2965,0.0,0.0
2023-07-27 22:00:00+00:00,22.8965,15.0465,0.0,0.0
2023-07-28 22:00:00+00:00,20.3965,15.896501,1.2322835,0.0
2023-07-29 22:00:00+00:00,20.696499,14.0465,0.23622048,0.0
2023-07-30 22:00:00+00:00,22.7465,10.1965,0.0,0.0
2023-07-31 22:00:00+00:00,18.446499,14.9465,0.18110237,0.0
2023-08-01 22:00:00+00:00,24.446499,13.896501,0.0511811,0.0
2023-08-02 22:00:00+00:00,18.696499,13.146501,0.015748031,0.0
2023-08-03 22:00:00+00:00,13.396501,10.646501,0.87401575,0.0
2023-08-04 22:00:00+00:00,16.8965,10.2965,0.070866145,0.0
2023-08-05 22:00:00+00:00,12.5465,8.5965,0.13385826,0.0
2023-08-06 22:00:00+00:00,15.3465,7.0465,0.047244094,0.0
2023-08-07 22:00:00+00:00,18.9965,7.9465,0.0,0.0
2023-08-08 22:00:00+00:00,22.0465,12.146501,0.0,0.0
2023-08-09 22:00:00+00:00,24.2465,11.9965,0.0,0.0
2023-08-10 22:00:00+00:00,26.2465,14.7965,0.0,0.0
2023-08-11 22:00:00+00:00,25.7965,17.0465,0.0,0.0
2023-08-12 22:00:00+00:00,26.7965,17.2465,0.0,0.0
2023-08-13 22:00:00+00:00,27.2465,18.196499,0.0,0.0
2023-08-14 22:00:00+00:00,25.946499,18.4965,0.007874016,0.0
2023-08-15 22:00:00+00:00,26.7465,18.3965,0.0,0.0
2023-08-16 22:00:00+00:00,26.8965,17.946499,0.0,0.0
2023-08-17 22:00:00+00:00,28.7465,16.8465,0.0,0.0
2023-08-18 22:00:00+00:00,29.446499,18.446499,0.0,0.0
2023-08-19 22:00:00+00:00,29.6465,19.0465,0.0,0.0
2023-08-20 22:00:00+00:00,30.2465,18.7965,0.0,0.0
2023-08-21 22:00:00+00:00,30.596498,19.9965,0.0,0.0
2023-08-22 22:00:00+00:00,31.6465,20.596498,0.0,0.0
2023-08-23 22:00:00+00:00,32.1965,20.196499,0.0,0.0
2023-08-24 22:00:00+00:00,27.096498,18.596498,0.055118114,0.0
2023-08-25 22:00:00+00:00,20.096498,16.1465,0.92913383,0.0
2023-08-26 22:00:00+00:00,15.6965,11.8465,1.1614171,0.0
2023-08-27 22:00:00+00:00,11.9465,9.5965,1.1811023,0.0
2023-08-28 22:00:00+00:00,11.6965,7.9465,0.062992126,0.0
2023-08-29 22:00:00+00:00,15.8465,6.3465004,0.0,0.0
2023-08-30 22:00:00+00:00,18.5465,10.5965,0.0,0.0
2023-08-31 22:00:00+00:00,21.2965,12.1965,0.0,0.0
2023-09-01 22:00:00+00:00,23.2465,13.0965,0.0,0.0
2023-09-02 22:00:00+00:00,24.7465,13.896501,0.0,0.0
2023-09-03 22:00:00+00:00,26.346498,16.6465,0.0,0.0
2023-09-04 22:00:00+00:00,26.6465,16.5465,0.0,0.0
2023-09-05 22:00:00+00:00,25.0465,15.2965,0.0,0.0
2023-09-06 22:00:00+00:00,25.4965,14.146501,0.0,0.0
2023-09-07 22:00:00+00:00,25.5465,14.8465,0.0,0.0
2023-09-08 22:00:00+00:00,25.3965,16.1465,0.0,0.0
2023-09-09 22:00:00+00:00,25.846498,15.9965,0.0,0.0
2023-09-10 22:00:00+00:00,25.196499,15.896501,0.0,0.0
2023-09-11 22:00:00+00:00,23.7465,16.3965,0.0,0.0
2023-09-12 22:00:00+00:00,15.896501,12.396501,0.05905512,0.0
2023-09-13 22:00:00+00:00,18.4965,10.0465,0.0,0.0
2023-09-14 22:00:00+00:00,19.196499,13.4465,0.0118110245,0.0
2023-09-15 22:00:00+00:00,21.1465,13.8465,0.023622047,0.0
2023-09-16 22:00:00+00:00,25.596498,14.4465,0.0,0.0
2023-09-17 22:00:00+00:00,21.346498,12.396501,1.023622,0.0
2023-09-18 22:00:00+00:00,16.8965,11.8465,0.22440943,0.0
2023-09-19 22:00:00+00:00,18.7965,10.6965,0.0,0.0
2023-09-20 22:00:00+00:00,19.196499,12.896501,0.09448819,0.0
2023-09-21 22:00:00+00:00,14.4965,8.0465,1.5196849,0.0
2023-09-22 22:00:00+00:00,12.0965,6.4965,0.2086614,0.0
2023-09-23 22:00:00+00:00,15.2465,3.2965,0.0,0.0
2023-09-24 22:00:00+00:00,18.4965,7.5965004,0.0,0.0
2023-09-25 22:00:00+00:00,20.0465,10.4465,0.0,0.0
2023-09-26 22:00:00+00:00,20.9965,9.646501,0.0,0.0
2023-09-27 22:00:00+00:00,20.7965,11.896501,0.0,0.0
2023-09-28 22:00:00+00:00,22.196499,12.6965,0.0,0.0
2023-09-29 22:00:00+00:00,19.4965,10.6965,0.0,0.0
2023-09-30 22:00:00+00:00,20.3965,9.3465,0.0,0.0
2023-10-01 22:00:00+00:00,21.7465,11.396501,0.0,0.0
2023-10-02 22:00:00+00:00,20.196499,12.9465,0.16929133,0.0
2023-10-03 22:00:00+00:00,15.896501,9.396501,0.0,0.0
2023-10-04 22:00:00+00:00,17.1465,8.0465,0.0,0.0
2023-10-05 22:00:00+00:00,18.346498,8.2465,0.0,0.0
2023-10-06 22:00:00+00:00,21.9965,6.6464996,0.0,0.0
2023-10-07 22:00:00+00:00,22.7965,12.2465,0.0,0.0
2023-10-08 22:00:00+00:00,20.3965,12.4465,0.0,0.0
2023-10-09 22:00:00+00:00,20.2965,12.2465,0.0,0.0
2023-10-10 22:00:00+00:00,20.096498,12.5965,0.0,0.0
2023-10-11 22:00:00+00:00,19.696499,11.3465,0.0,0.0
2023-10-12 22:00:00+00:00,18.8965,11.2965,0.0,0.0
2023-10-13 22:00:00+00:00,14.7465,10.4965,0.56692916,0.0
2023-10-14 22:00:00+00:00,11.0965,4.7465,0.0,0.0
2023-10-15 22:00:00+00:00,13.9465,2.8965,0.0,0.0
2023-10-16 22:00:00+00:00,14.7965,6.2465,0.0,0.0
2023-10-17 22:00:00+00:00,18.2965,10.396501,0.0,0.0
2023-10-18 22:00:00+00:00,16.3965,11.646501,0.11811023,0.0
2023-10-19 22:00:00+00:00,16.696499,8.8465,0.96850383,0.0
2023-10-20 22:00:00+00:00,10.9965,6.0465,0.42519683,0.0
2023-10-21 22:00:00+00:00,11.1965,5.4465,0.0,0.0
2023-10-22 22:00:00+00:00,18.846498,7.2465,0.0,0.0
2023-10-23 22:00:00+00:00,14.646501,6.9965,0.63779527,0.0
2023-10-24 22:00:00+00:00,10.4965,6.0965004,0.49212596,0.0
2023-10-25 22:00:00+00:00,11.396501,8.5965,1.0748031,0.0
2023-10-26 22:00:00+00:00,10.6965,6.4965,1.6771653,0.0
2023-10-27 22:00:00+00:00,11.6965,4.9465,0.003937008,0.0
2023-10-28 22:00:00+00:00,16.2965,6.0965004,0.0,0.0
2023-10-29 22:00:00+00:00,14.1965,5.3465004,0.7440945,0.0
2023-10-30 22:00:00+00:00,6.9465,4.8964996,0.24015749,0.0
2023-10-31 22:00:00+00:00,10.8465,4.5465,0.051181104,0.0
2023-11-01 22:00:00+00:00,11.896501,1.4965,1.4763778,0.82677174
2023-11-02 22:00:00+00:00,4.6464996,0.79649997,0.12598425,3.3346457
2023-11-03 22:00:00+00:00,7.8964996,1.0465,0.8543307,0.0
2023-11-04 22:00:00+00:00,6.5465,2.9464998,1.0748031,0.0
2023-11-05 22:00:00+00:00,6.8465004,2.8465,0.027559055,0.0
2023-11-06 22:00:00+00:00,5.0465,2.3465,0.007874016,0.0
2023-11-07 22:00:00+00:00,7.4965,0.54649997,0.0,0.0
2023-11-08 22:00:00+00:00,5.1464996,1.3464999,0.36614174,0.027559055
2023-11-09 22:00:00+00:00,4.3964996,0.99649996,0.12598425,1.5984253
2023-11-10 22:00:00+00:00,2.9965,1.0964999,0.0,1.2125984
2023-11-11 22:00:00+00:00,6.1965,0.49649996,1.1102363,0.52362204
2023-11-12 22:00:00+00:00,11.0965,6.2465,2.2244096,0.0
2023-11-13 22:00:00+00:00,12.7965,9.3465,1.9881887,0.0
2023-11-14 22:00:00+00:00,8.5965,3.4965,0.1456693,0.0
2023-11-15 22:00:00+00:00,10.646501,2.0465,0.059055116,0.0
2023-11-16 22:00:00+00:00,6.7965,2.0465,0.09055118,0.0
2023-11-17 22:00:00+00:00,9.4965,1.0964999,0.14173228,0.0
2023-11-18 22:00:00+00:00,10.5465,6.5465,0.18110237,0.0
2023-11-19 22:00:00+00:00,8.6965,4.5965,0.027559057,0.0
2023-11-20 22:00:00+00:00,4.1464996,2.6964998,0.09448819,0.0
2023-11-21 22:00:00+00:00,6.7965,-2.4035,0.0,0.0
2023-11-22 22:00:00+00:00,5.4465,-3.1035001,0.0,0.0
2023-11-23 22:00:00+00:00,7.5965004,0.69649994,0.0,0.0
2023-11-24 22:00:00+00:00,-0.45350003,-2.2035,0.0,0.27559054
2023-11-25 22:00:00+00:00,0.49649996,-5.2535,0.0,0.0
2023-11-26 22:00:00+00:00,3.7965,0.34649998,0.0,2.2598426
2023-11-27 22:00:00+00:00,1.9465,-1.8535001,0.0,3.5551174
2023-11-28 22:00:00+00:00,1.7965,-8.9535,0.0,0.0
2023-11-29 22:00:00+00:00,4.5965,1.2465,1.1732283,0.77165353
2023-11-30 22:00:00+00:00,4.5965,-0.15350008,0.98425186,6.6417317
2023-12-01 22:00:00+00:00,0.09649998,-5.2035,0.0,3.0039365
2023-12-02 22:00:00+00:00,-4.3035,-10.3035,0.0,0.0
2023-12-03 22:00:00+00:00,2.6465,-6.8535004,0.0,0.63385826
2023-12-04 22:00:00+00:00,1.4465,-3.1534998,0.003937008,1.570866
2023-12-05 22:00:00+00:00,0.19649994,-5.0535,0.0,0.0
2023-12-06 22:00:00+00:00,4.6464996,-6.1534996,0.0,0.0
2023-12-07 22:00:00+00:00,5.8964996,1.2965,0.28740156,0.7440945
2023-12-08 22:00:00+00:00,5.4465,-0.7535,0.8385827,0.0
2023-12-09 22:00:00+00:00,7.6965,2.9965,0.42519686,0.0
2023-12-10 22:00:00+00:00,8.8465,4.8465,2.3937006,0.0
2023-12-11 22:00:00+00:00,8.2965,4.9965,1.4015747,0.0
2023-12-12 22:00:00+00:00,4.8964996,1.4965,0.35039365,0.7716535
2023-12-13 22:00:00+00:00,2.8465,1.0964999,0.0,1.1574802
2023-12-14 22:00:00+00:00,5.0465,-1.5035,0.0,0.0
2023-12-15 22:00:00+00:00,2.5465,-2.6035001,0.0,0.0
2023-12-16 22:00:00+00:00,9.0965,0.29649997,0.0,0.0
2023-12-17 22:00:00+00:00,9.9965,4.9465,0.0,0.0
2023-12-18 22:00:00+00:00,9.146501,4.1965,0.0,0.0
2023-12-19 22:00:00+00:00,5.1464996,-0.20350003,0.0,0.3031496
2023-12-20 22:00:00+00:00,5.3964996,-1.6535001,0.41338587,0.52362204
2023-12-21 22:00:00+00:00,5.7465,2.1964998,0.2598425,0.0
2023-12-22 22:00:00+00:00,7.3465004,1.0964999,0.011811024,0.0
2023-12-23 22:00:00+00:00,8.7465,0.49649996,0.0,0.0
2023-12-24 22:00:00+00:00,10.3465,3.5965,0.0,0.0
2023-12-25 22:00:00+00:00,8.3465,3.3465,0.0,0.0
2023-12-26 22:00:00+00:00,12.7465,4.6464996,0.0,0.0
2023-12-27 22:00:00+00:00,8.4465,3.5965,0.0,0.0
2023-12-28 22:00:00+00:00,8.1465,3.9465,0.023622047,0.0
2023-12-29 22:00:00+00:00,7.546,3.096,0.0,0.0
2023-12-30 22:00:00+00:00,6.446,0.14599991,0.52362204,0.0
2023-12-31 22:00:00+00:00,2.7965,-0.70350003,0.0118110245,0.2480315
2024-01-01 22:00:00+00:00,4.5965,0.046499968,0.17322835,0.0
2024-01-02 22:00:00+00:00,8.2465,0.6465,0.26377955,0.0
2024-01-03 22:00:00+00:00,6.0465,1.8464999,0.08267716,0.44094488
2024-01-04 22:00:00+00:00,4.8964996,0.69649994,0.32677162,0.63385826
2024-01-05 22:00:00+00:00,1.2965,0.19649994,0.0,0.90944886
2024-01-06 22:00:00+00:00,2.4464998,-1.2035,0.0,0.0
2024-01-07 22:00:00+00:00,-0.9035001,-4.4034996,0.0,0.0
2024-01-08 22:00:00+00:00,1.4465,-4.1534996,0.0,0.0
2024-01-09 22:00:00+00:00,3.8465,-1.1035001,0.0,0.0
2024-01-10 22:00:00+00:00,4.9965,-3.1534998,0.0,0.0
2024-01-11 22:00:00+00:00,1.1965,-5.7035,0.0,0.0
2024-01-12 22:00:00+00:00,4.5465,-2.7035,0.0,0.0
2024-01-13 22:00:00+00:00,5.0965004,0.6465,0.007874016,0.0
2024-01-14 22:00:00+00:00,1.546,-1.1040001,0.30314958,0.0
2024-01-15 22:00:00+00:00,3.7465,-2.104,0.0,0.0
2024-01-16 22:00:00+00:00,8.4965,2.6465,1.07874,0.0
2024-01-17 22:00:00+00:00,5.5465,0.79649997,0.8070865,2.562992
2024-01-18 22:00:00+00:00,0.3965,-5.1035004,0.0,2.5629919
2024-01-19 22:00:00+00:00,0.69649994,-8.2035,0.0,0.0
2024-01-20 22:00:00+00:00,3.7965,-2.5035,0.0,0.0
2024-01-21 22:00:00+00:00,6.5965004,1.7965,0.37401578,0.027559055
2024-01-22 22:00:00+00:00,7.7965,1.9965,0.07874016,0.0
2024-01-23 22:00:00+00:00,10.8465,6.0965004,0.0,0.0
2024-01-24 22:00:00+00:00,12.2465,4.8465,0.0,0.0
2024-01-25 22:00:00+00:00,10.8465,4.1464996,0.070866145,0.0
2024-01-26 22:00:00+00:00,8.4965,1.8965,0.0,0.0
2024-01-27 22:00:00+00:00,9.2965,3.6965,0.0,0.0
2024-01-28 22:00:00+00:00,9.896501,4.5465,0.0,0.0
2024-01-29 22:00:00+00:00,9.5965,3.4965,0.0,0.0
2024-01-30 22:00:00+00:00,9.0465,3.2965,0.0,0.0
2024-01-31 22:00:00+00:00,6.4965,1.0465,0.0,0.0
2024-02-01 22:00:00+00:00,10.396501,-0.5035,0.0,0.0
2024-02-02 22:00:00+00:00,11.6965,3.8465,0.0,0.0
2024-02-03 22:00:00+00:00,10.8465,4.4465,0.0,0.0
2024-02-04 22:00:00+00:00,11.4965,2.9965,0.0,0.0
2024-02-05 22:00:00+00:00,9.9965,3.2965,0.0,0.0
2024-02-06 22:00:00+00:00,5.8964996,-0.70350003,0.04330709,0.38582677
2024-02-07 22:00:00+00:00,10.4965,1.5964999,0.09448819,0.08267716
2024-02-08 22:00:00+00:00,9.4465,5.2965,0.12598425,0.0
2024-02-09 22:00:00+00:00,9.6965,0.8465,0.11023623,0.1929134
2024-02-10 22:00:00+00:00,3.5965,-0.15350008,0.0,0.60629916
2024-02-11 22:00:00+00:00,5.3465004,0.09649998,0.0,0.0
2024-02-12 22:00:00+00:00,6.9965,-0.8535,0.0,0.0
2024-02-13 22:00:00+00:00,11.396501,4.5965,0.0,0.0
2024-02-14 22:00:00+00:00,15.3465,6.6965,0.0,0.0
2024-02-15 22:00:00+00:00,11.7465,5.0465,0.0,0.0
2024-02-16 22:00:00+00:00,11.6965,3.4965,0.0,0.0
2024-02-17 22:00:00+00:00,10.8465,0.29649997,0.0,0.0
2024-02-18 22:00:00+00:00,9.646501,3.1965,0.11023621,0.0
2024-02-19 22:00:00+00:00,7.7965,1.6465,0.039370082,0.0
2024-02-20 22:00:00+00:00,9.4965,0.44649994,0.0,0.0
2024-02-21 22:00:00+00:00,7.2465,1.1965,0.8740156,0.3031496
2024-02-22 22:00:00+00:00,4.5965,-0.40350008,0.051181108,2.2047243
2024-02-23 22:00:00+00:00,4.0965,-0.55350006,0.0,0.08267717
2024-02-24 22:00:00+00:00,7.3465004,-1.2535,0.0,0.0
2024-02-25 22:00:00+00:00,8.6465,2.1964998,0.098425195,0.027559055
2024-02-26 22:00:00+00:00,7.2465,0.54649997,0.0,0.0
2024-02-27 22:00:00+00:00,7.3964996,1.7965,0.0,0.0
2024-02-28 22:00:00+00:00,10.7965,0.5965,0.0,0.0
2024-02-29 22:00:00+00:00,5.2465,2.8465,0.12598425,0.0
2024-03-01 22:00:00+00:00,9.6965,1.4965,0.0,0.0
2024-03-02 22:00:00+00:00,9.4965,2.4965,0.007874016,0.0
2024-03-03 22:00:00+00:00,6.9465,1.0465,0.0,0.0
2024-03-04 22:00:00+00:00,5.5465,-0.20350003,0.015748031,1.4055117
2024-03-05 22:00:00+00:00,3.0465,-4.6534996,0.0,0.93700784
2024-03-06 22:00:00+00:00,6.9465,-8.9535,0.0,0.0
2024-03-07 22:00:00+00:00,7.7965,-0.3535,0.0,0.0
2024-03-08 22:00:00+00:00,9.9965,1.9965,0.0,0.0
2024-03-09 22:00:00+00:00,9.3465,2.5465,0.06692913,0.08267716
2024-03-10 22:00:00+00:00,5.8465004,1.4465,0.01968504,0.13779528
2024-03-11 22:00:00+00:00,5.1464996,1.4965,0.0,0.0
2024-03-12 22:00:00+00:00,11.646501,1.7465,0.027559057,0.0
2024-03-13 22:00:00+00:00,15.0465,4.4465,0.0,0.0
2024-03-14 22:00:00+00:00,11.4465,7.2465,0.09055119,0.0
2024-03-15 22:00:00+00:00,10.5965,5.3964996,0.21653542,0.0
2024-03-16 22:00:00+00:00,12.4965,3.4465,0.003937008,0.0
2024-03-17 22:00:00+00:00,9.2465,6.4965,0.78740156,0.0
2024-03-18 22:00:00+00:00,12.7965,2.1465,0.0,0.0
2024-03-19 22:00:00+00:00,15.0465,4.3964996,0.0,0.0
2024-03-20 22:00:00+00:00,12.7465,7.7965,0.10236221,0.0
2024-03-21 22:00:00+00:00,15.4965,6.0965004,0.0,0.0
2024-03-22 22:00:00+00:00,8.2965,1.0465,0.12992126,0.11023622
2024-03-23 22:00:00+00:00,2.2965,-0.5035,0.0,1.515748
2024-03-24 22:00:00+00:00,10.6965,-3.3035,0.0,0.0
2024-03-25 22:00:00+00:00,14.7965,5.2465,0.0,0.0
2024-03-26 22:00:00+00:00,8.5965,-0.0034999847,0.039370082,1.8740158
2024-03-27 22:00:00+00:00,8.2465,0.54649997,0.09448819,1.2401574
2024-03-28 22:00:00+00:00,18.9965,7.2465,0.0,0.0
2024-03-29 22:00:00+00:00,14.146501,6.5465,0.003937008,0.0
2024-03-30 22:00:00+00:00,15.3465,4.1464996,0.0,0.0
2024-03-31 22:00:00+00:00,9.646501,1.2465,0.15748031,0.27559054
2024-04-01 22:00:00+00:00,9.4465,1.0465,0.051181104,0.30314958
2024-04-02 22:00:00+00:00,6.5465,2.6964998,0.22440945,0.0
2024-04-03 22:00:00+00:00,13.6965,5.2465,0.0,0.0
2024-04-04 22:00:00+00:00,18.696499,7.5465,0.0,0.0
2024-04-05 22:00:00+00:00,22.346498,10.5965,0.0,0.0
2024-04-06 22:00:00+00:00,24.946499,14.0465,0.0,0.0
2024-04-07 22:00:00+00:00,23.846498,15.396501,0.0,0.0
2024-04-08 22:00:00+00:00,19.446499,2.5465,0.03543307,0.05511811
2024-04-09 22:00:00+00:00,8.9465,1.9465,0.0,0.0
2024-04-10 22:00:00+00:00,15.5965,1.5964999,0.0,0.0
2024-04-11 22:00:00+00:00,19.7465,5.6464996,0.0,0.0
2024-04-12 22:00:00+00:00,23.196499,11.0465,0.0,0.0
2024-04-13 22:00:00+00:00,23.7465,13.8465,0.0,0.0
2024-04-14 22:00:00+00:00,16.5465,11.646501,0.0,0.0
2024-04-15 22:00:00+00:00,9.9965,1.3965,0.0,0.027559055
2024-04-16 22:00:00+00:00,4.1965,0.09649998,0.0,2.6456692
2024-04-17 22:00:00+00:00,4.0965,-0.70350003,0.0,0.88188976
2024-04-18 22:00:00+00:00,4.6965,-1.4535,0.015748031,0.11023622
2024-04-19 22:00:00+00:00,3.8964999,0.99649996,0.0,1.0472441
2024-04-20 22:00:00+00:00,2.3465,-2.5535,0.0,0.27559057
2024-04-21 22:00:00+00:00,3.2465,-4.2035,0.0,0.0
2024-04-22 22:00:00+00:00,4.6464996,-1.5534999,0.0,0.0
2024-04-23 22:00:00+00:00,4.1464996,-0.95350003,0.0,0.08267717
2024-04-24 22:00:00+00:00,8.4465,-1.4035001,0.0,0.49606302
2024-04-25 22:00:00+00:00,10.396501,2.9464998,0.003937008,0.0
2024-04-26 22:00:00+00:00,14.4965,4.1464996,0.0,0.0
2024-04-27 22:00:00+00:00,13.0965,8.2965,0.035433073,0.0
2024-04-28 22:00:00+00:00,17.1465,5.9465,0.0,0.0
2024-04-29 22:00:00+00:00,18.346498,8.3965,0.0,0.0
2024-04-30 22:00:00+00:00,15.6965,9.2965,0.03543307,0.0
2024-05-01 22:00:00+00:00,10.9965,2.7465,0.2559055,0.027559055
2024-05-02 22:00:00+00:00,8.4965,1.9965,0.1023622,0.0
2024-05-03 22:00:00+00:00,13.9465,2.4464998,0.0,0.0
2024-05-04 22:00:00+00:00,15.9465,7.8465004,0.14173228,0.0
2024-05-05 22:00:00+00:00,12.3465,7.1965,0.85433066,0.0
2024-05-06 22:00:00+00:00,9.4465,4.3964996,0.40944877,0.0
2024-05-07 22:00:00+00:00,14.646501,3.9465,0.0,0.0
2024-05-08 22:00:00+00:00,17.5465,5.0965004,0.0,0.0
2024-05-09 22:00:00+00:00,19.6465,9.7465,0.0,0.0
2024-05-10 22:00:00+00:00,21.8965,11.2465,0.0,0.0
2024-05-11 22:00:00+00:00,19.2965,12.4965,1.8740156,0.0
2024-05-12 22:00:00+00:00,17.2465,11.1965,0.07874016,0.0
2024-05-13 22:00:00+00:00,18.7965,9.7965,0.007874016,0.0
2024-05-14 22:00:00+00:00,13.9465,7.2465,0.12598425,0.0
2024-05-15 22:00:00+00:00,10.2965,6.1965,0.18503939,0.0
2024-05-16 22:00:00+00:00,15.646501,4.6464996,0.0,0.0
2024-05-17 22:00:00+00:00,15.4965,8.2965,0.17322835,0.0
2024-05-18 22:00:00+00:00,16.7465,8.7465,0.003937008,0.0
2024-05-19 22:00:00+00:00,18.7965,8.9965,0.027559055,0.0
2024-05-20 22:00:00+00:00,13.646501,8.9965,0.27559054,0.0
2024-05-21 22:00:00+00:00,12.9465,8.6965,0.094488196,0.0
2024-05-22 22:00:00+00:00,12.4465,7.1464996,0.40944883,0.0
2024-05-23 22:00:00+00:00,13.396501,7.2965,0.47637793,0.0
2024-05-24 22:00:00+00:00,16.196499,6.8465004,0.0,0.0
2024-05-25 22:00:00+00:00,20.346498,9.4965,0.015748031,0.0
2024-05-26 22:00:00+00:00,15.9965,9.9965,0.9251968,0.0
2024-05-27 22:00:00+00:00,17.0465,7.2465,0.20866142,0.0
2024-05-28 22:00:00+00:00,17.0465,9.9465,0.0,0.0
2024-05-29 22:00:00+00:00,15.146501,8.9965,0.7874015,0.0
2024-05-30 22:00:00+00:00,9.3465,5.4465,0.16141732,0.0
2024-05-31 22:00:00+00:00,15.4965,4.4965,0.0,0.0
